# Blender 4.5.0
# www.blender.org
mtllib cargo.mtl
g Cube_Cube.001
v -1.791560 0.729585 2.247464
v -1.260595 4.902762 -2.247391
v -1.791560 5.415773 2.247464
v -1.260595 4.902762 2.215605
v -1.791560 0.729585 -2.263149
v -1.260595 5.383885 -2.247391
v -1.791560 5.415773 -2.263149
v -1.260595 5.383885 2.215605
v 2.587940 0.729585 2.247464
v -0.805986 4.902762 -2.247391
v 2.587940 5.415773 2.247464
v -0.805986 4.902762 2.215605
v 2.587940 0.729585 -2.263149
v -0.805986 5.383885 -2.247391
v 2.587940 5.415773 -2.263149
v -0.805986 5.383885 2.215605
v -0.309193 4.902761 -2.247392
v -0.309193 4.902761 2.215605
v -0.309193 5.383884 -2.247392
v -0.309193 5.383884 2.215605
v 0.145416 4.902761 -2.247392
v 0.145416 4.902761 2.215605
v 0.145416 5.383884 -2.247392
v 0.145416 5.383884 2.215605
v 0.655608 4.902761 -2.247392
v 0.655608 4.902761 2.215605
v 0.655608 5.383884 -2.247392
v 0.655608 5.383884 2.215605
v 1.110217 4.902761 -2.247392
v 1.110217 4.902761 2.215605
v 1.110217 5.383884 -2.247392
v 1.110217 5.383884 2.215605
v 1.607010 4.902761 -2.247392
v 1.607010 4.902761 2.215605
v 1.607010 5.383884 -2.247392
v 1.607010 5.383884 2.215605
v 2.061619 4.902761 -2.247392
v 2.061619 4.902761 2.215605
v 2.061619 5.383884 -2.247392
v 2.061619 5.383884 2.215605
vn -1.0000 -0.0000 -0.0000
vn -0.0000 -0.0000 -1.0000
vn 1.0000 -0.0000 -0.0000
vn -0.0000 -0.0000 1.0000
vn -0.0000 -1.0000 -0.0000
vn -0.0000 1.0000 -0.0000
vt 0.375000 0.000000
vt 0.625000 0.000000
vt 0.625000 0.250000
vt 0.375000 0.250000
vt 0.625000 0.500000
vt 0.375000 0.500000
vt 0.625000 0.750000
vt 0.375000 0.750000
vt 0.625000 1.000000
vt 0.375000 1.000000
vt 0.125000 0.500000
vt 0.125000 0.750000
vt 0.875000 0.500000
vt 0.875000 0.750000
s 0
g off
g Cube_Material.001
usemtl Material.001
f 1/1/1 3/2/1 7/3/1 5/4/1
f 5/4/2 7/3/2 15/5/2 13/6/2
f 13/6/3 15/5/3 11/7/3 9/8/3
f 9/8/4 11/7/4 3/9/4 1/10/4
f 5/11/5 13/6/5 9/8/5 1/12/5
f 15/5/6 7/13/6 3/14/6 11/7/6
f 2/1/3 6/4/3 8/3/3 4/2/3
f 6/4/5 14/6/5 16/6/5 8/4/5
f 14/6/1 10/8/1 12/7/1 16/5/1
f 10/8/6 2/10/6 4/10/6 12/8/6
f 6/12/4 2/12/4 10/6/4 14/6/4
f 16/7/2 12/7/2 4/13/2 8/13/2
f 17/1/3 19/4/3 20/3/3 18/2/3
f 19/4/5 23/6/5 24/6/5 20/4/5
f 23/6/1 21/8/1 22/7/1 24/5/1
f 21/8/6 17/10/6 18/10/6 22/8/6
f 19/12/4 17/12/4 21/6/4 23/6/4
f 24/7/2 22/7/2 18/13/2 20/13/2
f 25/1/3 27/4/3 28/3/3 26/2/3
f 27/4/5 31/6/5 32/6/5 28/4/5
f 31/6/1 29/8/1 30/7/1 32/5/1
f 29/8/6 25/10/6 26/10/6 30/8/6
f 27/12/4 25/12/4 29/6/4 31/6/4
f 32/7/2 30/7/2 26/13/2 28/13/2
f 33/1/3 35/4/3 36/3/3 34/2/3
f 35/4/5 39/6/5 40/6/5 36/4/5
f 39/6/1 37/8/1 38/7/1 40/5/1
f 37/8/6 33/10/6 34/10/6 38/8/6
f 35/12/4 33/12/4 37/6/4 39/6/4
f 40/7/2 38/7/2 34/13/2 36/13/2
g Cube.005_Cube.006
v -1.260595 4.902762 -2.247392
v -1.260595 4.902762 2.215605
v -1.260595 5.383886 -2.247392
v -1.260595 5.383885 2.215605
v -0.805986 4.902762 -2.247392
v -0.805986 4.902762 2.215605
v -0.805986 5.383886 -2.247392
v -0.805986 5.383885 2.215605
v -0.309194 4.902761 -2.247392
v -0.309194 4.902761 2.215605
v -0.309194 5.383885 -2.247392
v -0.309194 5.383885 2.215605
v 0.145416 4.902761 -2.247392
v 0.145416 4.902761 2.215605
v 0.145416 5.383885 -2.247392
v 0.145416 5.383885 2.215605
v 0.655608 4.902761 -2.247392
v 0.655608 4.902761 2.215605
v 0.655608 5.383885 -2.247392
v 0.655608 5.383885 2.215605
v 1.110217 4.902761 -2.247392
v 1.110217 4.902761 2.215605
v 1.110217 5.383885 -2.247392
v 1.110217 5.383885 2.215605
v 1.607010 4.902761 -2.247392
v 1.607010 4.902761 2.215605
v 1.607010 5.383885 -2.247392
v 1.607010 5.383885 2.215605
v 2.061619 4.902761 -2.247392
v 2.061619 4.902761 2.215605
v 2.061619 5.383885 -2.247392
v 2.061619 5.383885 2.215605
vn -1.0000 -0.0000 -0.0000
vn -0.0000 1.0000 -0.0000
vn 1.0000 -0.0000 -0.0000
vn -0.0000 -1.0000 -0.0000
vn -0.0000 -0.0000 -1.0000
vn -0.0000 -0.0000 1.0000
vt 0.375000 0.000000
vt 0.625000 0.000000
vt 0.625000 0.250000
vt 0.375000 0.250000
vt 0.625000 0.500000
vt 0.375000 0.500000
vt 0.625000 0.750000
vt 0.375000 0.750000
vt 0.625000 1.000000
vt 0.375000 1.000000
vt 0.125000 0.500000
vt 0.125000 0.750000
vt 0.875000 0.500000
vt 0.875000 0.750000
s 0
g off
f 41/15/7 42/16/7 44/17/7 43/18/7
f 43/18/8 44/17/8 48/19/8 47/20/8
f 47/20/9 48/19/9 46/21/9 45/22/9
f 45/22/10 46/21/10 42/23/10 41/24/10
f 43/25/11 47/20/11 45/22/11 41/26/11
f 48/19/12 44/27/12 42/28/12 46/21/12
f 49/15/7 50/16/7 52/17/7 51/18/7
f 51/18/8 52/17/8 56/19/8 55/20/8
f 55/20/9 56/19/9 54/21/9 53/22/9
f 53/22/10 54/21/10 50/23/10 49/24/10
f 51/25/11 55/20/11 53/22/11 49/26/11
f 56/19/12 52/27/12 50/28/12 54/21/12
f 57/15/7 58/16/7 60/17/7 59/18/7
f 59/18/8 60/17/8 64/19/8 63/20/8
f 63/20/9 64/19/9 62/21/9 61/22/9
f 61/22/10 62/21/10 58/23/10 57/24/10
f 59/25/11 63/20/11 61/22/11 57/26/11
f 64/19/12 60/27/12 58/28/12 62/21/12
f 65/15/7 66/16/7 68/17/7 67/18/7
f 67/18/8 68/17/8 72/19/8 71/20/8
f 71/20/9 72/19/9 70/21/9 69/22/9
f 69/22/10 70/21/10 66/23/10 65/24/10
f 67/25/11 71/20/11 69/22/11 65/26/11
f 72/19/12 68/27/12 66/28/12 70/21/12
g Cube.001_Cube.002
v -2.199595 5.103691 -2.292367
v -2.199595 5.103691 2.260581
v -2.199595 5.584815 -2.292367
v -2.199595 5.584814 2.260581
v -1.806297 5.103691 -2.292367
v -1.806297 5.103691 2.260581
v -1.806297 5.584815 -2.292367
v -1.806297 5.584814 2.260581
v 2.602467 5.103691 -2.292367
v 2.602467 5.103691 2.260580
v 2.602467 5.584815 -2.292367
v 2.602467 5.584814 2.260580
v 2.995765 5.103691 -2.292367
v 2.995765 5.103691 2.260580
v 2.995765 5.584815 -2.292367
v 2.995765 5.584814 2.260580
vn -1.0000 -0.0000 -0.0000
vn -0.0000 1.0000 -0.0000
vn 1.0000 -0.0000 -0.0000
vn -0.0000 -1.0000 -0.0000
vn -0.0000 -0.0000 -1.0000
vn -0.0000 -0.0000 1.0000
vt 0.375000 0.000000
vt 0.625000 0.000000
vt 0.625000 0.250000
vt 0.375000 0.250000
vt 0.625000 0.500000
vt 0.375000 0.500000
vt 0.625000 0.750000
vt 0.375000 0.750000
vt 0.625000 1.000000
vt 0.375000 1.000000
vt 0.125000 0.500000
vt 0.125000 0.750000
vt 0.875000 0.500000
vt 0.875000 0.750000
s 0
g off
g Cube.001_Material.001
usemtl Material.001
f 73/29/13 74/30/13 76/31/13 75/32/13
f 75/32/14 76/31/14 80/33/14 79/34/14
f 79/34/15 80/33/15 78/35/15 77/36/15
f 77/36/16 78/35/16 74/37/16 73/38/16
f 75/39/17 79/34/17 77/36/17 73/40/17
f 80/33/18 76/41/18 74/42/18 78/35/18
f 81/29/13 82/30/13 84/31/13 83/32/13
f 83/32/14 84/31/14 88/33/14 87/34/14
f 87/34/15 88/33/15 86/35/15 85/36/15
f 85/36/16 86/35/16 82/37/16 81/38/16
f 83/39/17 87/34/17 85/36/17 81/40/17
f 88/33/18 84/41/18 82/42/18 86/35/18
g Cube.014_Cube.015
v 2.089411 5.068173 -2.247392
v 2.089411 5.068172 2.215605
v 2.089411 5.549296 -2.247392
v 2.089411 5.549296 2.215605
v 2.544020 5.068173 -2.247392
v 2.544020 5.068172 2.215605
v 2.544020 5.549296 -2.247392
v 2.544020 5.549296 2.215605
v -1.742997 5.068172 -2.247392
v -1.742997 5.068172 2.215605
v -1.742997 5.549295 -2.247392
v -1.742997 5.549295 2.215605
v -1.288388 5.068172 -2.247392
v -1.288388 5.068172 2.215605
v -1.288388 5.549295 -2.247392
v -1.288388 5.549295 2.215605
v -0.778195 5.068172 -2.247392
v -0.778195 5.068172 2.215605
v -0.778195 5.549295 -2.247392
v -0.778195 5.549295 2.215605
v -0.323586 5.068172 -2.247392
v -0.323586 5.068172 2.215605
v -0.323586 5.549295 -2.247392
v -0.323586 5.549295 2.215605
v 0.173207 5.068172 -2.247392
v 0.173207 5.068172 2.215605
v 0.173207 5.549295 -2.247392
v 0.173207 5.549295 2.215605
v 0.627816 5.068172 -2.247392
v 0.627816 5.068172 2.215605
v 0.627816 5.549295 -2.247392
v 0.627816 5.549295 2.215605
v 1.138009 5.068172 -2.247392
v 1.138009 5.068172 2.215605
v 1.138009 5.549295 -2.247392
v 1.138009 5.549295 2.215605
v 1.592618 5.068172 -2.247392
v 1.592618 5.068172 2.215605
v 1.592618 5.549295 -2.247392
v 1.592618 5.549295 2.215605
vn -1.0000 -0.0000 -0.0000
vn -0.0000 1.0000 -0.0000
vn 1.0000 -0.0000 -0.0000
vn -0.0000 -1.0000 -0.0000
vn -0.0000 -0.0000 -1.0000
vn -0.0000 -0.0000 1.0000
vt 0.375000 0.000000
vt 0.625000 0.000000
vt 0.625000 0.250000
vt 0.375000 0.250000
vt 0.625000 0.500000
vt 0.375000 0.500000
vt 0.625000 0.750000
vt 0.375000 0.750000
vt 0.625000 1.000000
vt 0.375000 1.000000
vt 0.125000 0.500000
vt 0.125000 0.750000
vt 0.875000 0.500000
vt 0.875000 0.750000
s 0
g off
g Cube.014_Material.001
usemtl Material.001
f 89/43/19 90/44/19 92/45/19 91/46/19
f 91/46/20 92/45/20 96/47/20 95/48/20
f 95/48/21 96/47/21 94/49/21 93/50/21
f 93/50/22 94/49/22 90/51/22 89/52/22
f 91/53/23 95/48/23 93/50/23 89/54/23
f 96/47/24 92/55/24 90/56/24 94/49/24
f 97/43/19 98/44/19 100/45/19 99/46/19
f 99/46/20 100/45/20 104/47/20 103/48/20
f 103/48/21 104/47/21 102/49/21 101/50/21
f 101/50/22 102/49/22 98/51/22 97/52/22
f 99/53/23 103/48/23 101/50/23 97/54/23
f 104/47/24 100/55/24 98/56/24 102/49/24
f 105/43/19 106/44/19 108/45/19 107/46/19
f 107/46/20 108/45/20 112/47/20 111/48/20
f 111/48/21 112/47/21 110/49/21 109/50/21
f 109/50/22 110/49/22 106/51/22 105/52/22
f 107/53/23 111/48/23 109/50/23 105/54/23
f 112/47/24 108/55/24 106/56/24 110/49/24
f 113/43/19 114/44/19 116/45/19 115/46/19
f 115/46/20 116/45/20 120/47/20 119/48/20
f 119/48/21 120/47/21 118/49/21 117/50/21
f 117/50/22 118/49/22 114/51/22 113/52/22
f 115/53/23 119/48/23 117/50/23 113/54/23
f 120/47/24 116/55/24 114/56/24 118/49/24
f 121/43/19 122/44/19 124/45/19 123/46/19
f 123/46/20 124/45/20 128/47/20 127/48/20
f 127/48/21 128/47/21 126/49/21 125/50/21
f 125/50/22 126/49/22 122/51/22 121/52/22
f 123/53/23 127/48/23 125/50/23 121/54/23
f 128/47/24 124/55/24 122/56/24 126/49/24
g Cube.003_Cube.018
v -2.243436 5.096745 -2.267396
v 3.019174 5.096746 -2.267395
v -2.243436 5.577869 -2.267396
v 3.019174 5.581667 -2.271903
v -2.243436 5.096745 -2.660694
v 3.019174 5.096746 -2.660693
v -2.243436 5.577869 -2.660694
v 2.997233 5.577796 -2.659143
v -2.243436 5.096745 2.644019
v 3.019174 5.096745 2.644020
v -2.243436 5.577869 2.644019
v 3.019174 5.577869 2.644020
v -2.243436 5.096745 2.250721
v 3.019174 5.096745 2.250722
v -2.243436 5.577869 2.250721
v 3.019174 5.577869 2.250722
vn 0.0004 0.0047 1.0000
vn -0.0004 1.0000 -0.0050
vn 0.0001 0.0016 -1.0000
vn -0.0000 -1.0000 -0.0000
vn -1.0000 -0.0000 -0.0000
vn 0.9993 0.0226 -0.0282
vn -0.0000 -0.0000 1.0000
vn -0.0000 1.0000 -0.0000
vn -0.0000 -0.0000 -1.0000
vn 1.0000 -0.0000 -0.0000
vt 0.375000 0.000000
vt 0.625000 0.000000
vt 0.625000 0.250000
vt 0.375000 0.250000
vt 0.625000 0.500000
vt 0.375000 0.500000
vt 0.625000 0.750000
vt 0.375000 0.750000
vt 0.625000 1.000000
vt 0.375000 1.000000
vt 0.125000 0.500000
vt 0.125000 0.750000
vt 0.875000 0.500000
vt 0.875000 0.750000
s 0
g off
g Cube.003_Material.001
usemtl Material.001
f 129/57/25 130/58/25 132/59/25 131/60/25
f 131/60/26 132/59/26 136/61/26 135/62/26
f 135/62/27 136/61/27 134/63/27 133/64/27
f 133/64/28 134/63/28 130/65/28 129/66/28
f 131/67/29 135/62/29 133/64/29 129/68/29
f 136/61/30 132/69/30 130/70/30 134/63/30
f 137/57/31 138/58/31 140/59/31 139/60/31
f 139/60/32 140/59/32 144/61/32 143/62/32
f 143/62/33 144/61/33 142/63/33 141/64/33
f 141/64/28 142/63/28 138/65/28 137/66/28
f 139/67/29 143/62/29 141/64/29 137/68/29
f 144/61/34 140/69/34 138/70/34 142/63/34
g Cube.015_Cube.034
v -1.303762 0.800478 -2.247392
v -1.303762 0.800478 2.215605
v -1.303763 0.319354 -2.247392
v -1.303763 0.319354 2.215605
v -1.758372 0.800478 -2.247392
v -1.758372 0.800478 2.215605
v -1.758372 0.319354 -2.247392
v -1.758372 0.319354 2.215605
v 2.528645 0.800477 -2.247392
v 2.528645 0.800478 2.215605
v 2.528645 0.319354 -2.247392
v 2.528645 0.319354 2.215605
v 2.074036 0.800478 -2.247392
v 2.074036 0.800478 2.215605
v 2.074036 0.319354 -2.247392
v 2.074036 0.319354 2.215605
v 1.563843 0.800478 -2.247392
v 1.563843 0.800478 2.215605
v 1.563843 0.319354 -2.247392
v 1.563843 0.319354 2.215605
v 1.109234 0.800478 -2.247392
v 1.109234 0.800478 2.215605
v 1.109234 0.319354 -2.247392
v 1.109234 0.319354 2.215605
v 0.612441 0.800478 -2.247392
v 0.612441 0.800478 2.215605
v 0.612441 0.319354 -2.247392
v 0.612441 0.319355 2.215605
v 0.157832 0.800478 -2.247392
v 0.157832 0.800478 2.215605
v 0.157832 0.319354 -2.247392
v 0.157832 0.319355 2.215605
v -0.352361 0.800478 -2.247392
v -0.352361 0.800478 2.215605
v -0.352361 0.319355 -2.247392
v -0.352361 0.319355 2.215605
v -0.806970 0.800478 -2.247392
v -0.806970 0.800479 2.215605
v -0.806970 0.319355 -2.247392
v -0.806970 0.319355 2.215605
vn 1.0000 -0.0000 -0.0000
vn -0.0000 -1.0000 -0.0000
vn -1.0000 -0.0000 -0.0000
vn -0.0000 1.0000 -0.0000
vn -0.0000 -0.0000 -1.0000
vn -0.0000 -0.0000 1.0000
vt 0.375000 0.000000
vt 0.625000 0.000000
vt 0.625000 0.250000
vt 0.375000 0.250000
vt 0.625000 0.500000
vt 0.375000 0.500000
vt 0.625000 0.750000
vt 0.375000 0.750000
vt 0.625000 1.000000
vt 0.375000 1.000000
vt 0.125000 0.500000
vt 0.125000 0.750000
vt 0.875000 0.500000
vt 0.875000 0.750000
s 0
g off
g Cube.015_Material.001
usemtl Material.001
f 145/71/35 146/72/35 148/73/35 147/74/35
f 147/74/36 148/73/36 152/75/36 151/76/36
f 151/76/37 152/75/37 150/77/37 149/78/37
f 149/78/38 150/77/38 146/79/38 145/80/38
f 147/81/39 151/76/39 149/78/39 145/82/39
f 152/75/40 148/83/40 146/84/40 150/77/40
f 153/71/35 154/72/35 156/73/35 155/74/35
f 155/74/36 156/73/36 160/75/36 159/76/36
f 159/76/37 160/75/37 158/77/37 157/78/37
f 157/78/38 158/77/38 154/79/38 153/80/38
f 155/81/39 159/76/39 157/78/39 153/82/39
f 160/75/40 156/83/40 154/84/40 158/77/40
f 161/71/35 162/72/35 164/73/35 163/74/35
f 163/74/36 164/73/36 168/75/36 167/76/36
f 167/76/37 168/75/37 166/77/37 165/78/37
f 165/78/38 166/77/38 162/79/38 161/80/38
f 163/81/39 167/76/39 165/78/39 161/82/39
f 168/75/40 164/83/40 162/84/40 166/77/40
f 169/71/35 170/72/35 172/73/35 171/74/35
f 171/74/36 172/73/36 176/75/36 175/76/36
f 175/76/37 176/75/37 174/77/37 173/78/37
f 173/78/38 174/77/38 170/79/38 169/80/38
f 171/81/39 175/76/39 173/78/39 169/82/39
f 176/75/40 172/83/40 170/84/40 174/77/40
f 177/71/35 178/72/35 180/73/35 179/74/35
f 179/74/36 180/73/36 184/75/36 183/76/36
f 183/76/37 184/75/37 182/77/37 181/78/37
f 181/78/38 182/77/38 178/79/38 177/80/38
f 179/81/39 183/76/39 181/78/39 177/82/39
f 184/75/40 180/83/40 178/84/40 182/77/40
g Cube.018_Cube.036
v 2.985243 0.734939 -2.283423
v 2.985243 0.734940 2.269525
v 2.985243 0.265574 -2.283423
v 2.985243 0.265574 2.269525
v 2.591945 0.734939 -2.283423
v 2.591945 0.734940 2.269525
v 2.591945 0.265574 -2.283423
v 2.591945 0.265574 2.269525
v -1.816819 0.746699 -2.283422
v -1.816819 0.746699 2.269525
v -1.816819 0.265575 -2.283422
v -1.816819 0.265575 2.269525
v -2.210117 0.746699 -2.283422
v -2.210117 0.746699 2.269525
v -2.210117 0.265575 -2.283422
v -2.210117 0.265576 2.269525
vn 1.0000 -0.0000 -0.0000
vn -0.0000 -1.0000 -0.0000
vn -1.0000 -0.0000 -0.0000
vn -0.0000 1.0000 -0.0000
vn -0.0000 -0.0000 -1.0000
vn -0.0000 -0.0000 1.0000
vt 0.375000 0.000000
vt 0.625000 0.000000
vt 0.625000 0.250000
vt 0.375000 0.250000
vt 0.625000 0.500000
vt 0.375000 0.500000
vt 0.625000 0.750000
vt 0.375000 0.750000
vt 0.625000 1.000000
vt 0.375000 1.000000
vt 0.125000 0.500000
vt 0.125000 0.750000
vt 0.875000 0.500000
vt 0.875000 0.750000
s 0
g off
g Cube.018_Material.001
usemtl Material.001
f 185/85/41 186/86/41 188/87/41 187/88/41
f 187/88/42 188/87/42 192/89/42 191/90/42
f 191/90/43 192/89/43 190/91/43 189/92/43
f 189/92/44 190/91/44 186/93/44 185/94/44
f 187/95/45 191/90/45 189/92/45 185/96/45
f 192/89/46 188/97/46 186/98/46 190/91/46
f 193/85/41 194/86/41 196/87/41 195/88/41
f 195/88/42 196/87/42 200/89/42 199/90/42
f 199/90/43 200/89/43 198/91/43 197/92/43
f 197/92/44 198/91/44 194/93/44 193/94/44
f 195/95/45 199/90/45 197/92/45 193/96/45
f 200/89/46 196/97/46 194/98/46 198/91/46
g Cube.017_Cube.037
v -2.243436 0.262509 -2.267396
v 3.019174 0.262510 -2.267395
v -2.243436 0.743633 -2.267396
v 3.019174 0.743633 -2.267395
v -2.243436 0.262509 -2.660694
v 3.019174 0.262510 -2.660693
v -2.243436 0.743633 -2.660694
v 3.019174 0.743633 -2.660693
v -2.243436 0.262509 2.644019
v 3.019174 0.262509 2.644020
v -2.243436 0.743633 2.644019
v 3.019174 0.743633 2.644020
v -2.243436 0.262509 2.250721
v 3.019174 0.262509 2.250722
v -2.243436 0.743633 2.250721
v 3.019174 0.743633 2.250722
vn -0.0000 -0.0000 1.0000
vn -0.0000 1.0000 -0.0000
vn -0.0000 -0.0000 -1.0000
vn -0.0000 -1.0000 -0.0000
vn -1.0000 -0.0000 -0.0000
vn 1.0000 -0.0000 -0.0000
vt 0.375000 0.000000
vt 0.625000 0.000000
vt 0.625000 0.250000
vt 0.375000 0.250000
vt 0.625000 0.500000
vt 0.375000 0.500000
vt 0.625000 0.750000
vt 0.375000 0.750000
vt 0.625000 1.000000
vt 0.375000 1.000000
vt 0.125000 0.500000
vt 0.125000 0.750000
vt 0.875000 0.500000
vt 0.875000 0.750000
s 0
g off
g Cube.017_Material.001
usemtl Material.001
f 201/99/47 202/100/47 204/101/47 203/102/47
f 203/102/48 204/101/48 208/103/48 207/104/48
f 207/104/49 208/103/49 206/105/49 205/106/49
f 205/106/50 206/105/50 202/107/50 201/108/50
f 203/109/51 207/104/51 205/106/51 201/110/51
f 208/103/52 204/111/52 202/112/52 206/105/52
f 209/99/47 210/100/47 212/101/47 211/102/47
f 211/102/48 212/101/48 216/103/48 215/104/48
f 215/104/49 216/103/49 214/105/49 213/106/49
f 213/106/50 214/105/50 210/107/50 209/108/50
f 211/109/51 215/104/51 213/106/51 209/110/51
f 216/103/52 212/111/52 210/112/52 214/105/52
g Cube.002_Cube.024
v 2.089410 5.182690 2.054860
v 2.089410 0.719694 2.054859
v 2.089410 5.182690 2.535984
v 2.089410 0.719694 2.535982
v 2.544020 5.182690 2.054860
v 2.544020 0.719694 2.054859
v 2.544020 5.182690 2.535984
v 2.544020 0.719694 2.535982
v -1.742997 5.182691 2.054859
v -1.742997 0.719694 2.054858
v -1.742997 5.182691 2.535983
v -1.742997 0.719694 2.535981
v -1.288388 5.182691 2.054859
v -1.288388 0.719694 2.054858
v -1.288388 5.182691 2.535983
v -1.288388 0.719694 2.535981
v -0.778195 5.182691 2.054859
v -0.778195 0.719694 2.054858
v -0.778195 5.182691 2.535983
v -0.778195 0.719694 2.535981
v -0.323586 5.182691 2.054859
v -0.323586 0.719694 2.054858
v -0.323586 5.182691 2.535983
v -0.323586 0.719694 2.535981
v 0.173207 5.182691 2.054859
v 0.173207 0.719694 2.054858
v 0.173207 5.182691 2.535983
v 0.173207 0.719694 2.535981
v 0.627816 5.182691 2.054859
v 0.627816 0.719694 2.054858
v 0.627816 5.182691 2.535983
v 0.627816 0.719694 2.535981
v 1.138009 5.182691 2.054859
v 1.138009 0.719694 2.054858
v 1.138009 5.182691 2.535983
v 1.138009 0.719694 2.535981
v 1.592618 5.182691 2.054859
v 1.592618 0.719694 2.054858
v 1.592618 5.182691 2.535983
v 1.592618 0.719694 2.535981
vn -1.0000 -0.0000 -0.0000
vn -0.0000 -0.0000 1.0000
vn 1.0000 -0.0000 -0.0000
vn -0.0000 -0.0000 -1.0000
vn -0.0000 1.0000 -0.0000
vn -0.0000 -1.0000 -0.0000
vt 0.375000 0.000000
vt 0.625000 0.000000
vt 0.625000 0.250000
vt 0.375000 0.250000
vt 0.625000 0.500000
vt 0.375000 0.500000
vt 0.625000 0.750000
vt 0.375000 0.750000
vt 0.625000 1.000000
vt 0.375000 1.000000
vt 0.125000 0.500000
vt 0.125000 0.750000
vt 0.875000 0.500000
vt 0.875000 0.750000
s 0
g off
g Cube.002_Material.001
usemtl Material.001
f 217/113/53 218/114/53 220/115/53 219/116/53
f 219/116/54 220/115/54 224/117/54 223/118/54
f 223/118/55 224/117/55 222/119/55 221/120/55
f 221/120/56 222/119/56 218/121/56 217/122/56
f 219/123/57 223/118/57 221/120/57 217/124/57
f 224/117/58 220/125/58 218/126/58 222/119/58
f 225/113/53 226/114/53 228/115/53 227/116/53
f 227/116/54 228/115/54 232/117/54 231/118/54
f 231/118/55 232/117/55 230/119/55 229/120/55
f 229/120/56 230/119/56 226/121/56 225/122/56
f 227/123/57 231/118/57 229/120/57 225/124/57
f 232/117/58 228/125/58 226/126/58 230/119/58
f 233/113/53 234/114/53 236/115/53 235/116/53
f 235/116/54 236/115/54 240/117/54 239/118/54
f 239/118/55 240/117/55 238/119/55 237/120/55
f 237/120/56 238/119/56 234/121/56 233/122/56
f 235/123/57 239/118/57 237/120/57 233/124/57
f 240/117/58 236/125/58 234/126/58 238/119/58
f 241/113/53 242/114/53 244/115/53 243/116/53
f 243/116/54 244/115/54 248/117/54 247/118/54
f 247/118/55 248/117/55 246/119/55 245/120/55
f 245/120/56 246/119/56 242/121/56 241/122/56
f 243/123/57 247/118/57 245/120/57 241/124/57
f 248/117/58 244/125/58 242/126/58 246/119/58
f 249/113/53 250/114/53 252/115/53 251/116/53
f 251/116/54 252/115/54 256/117/54 255/118/54
f 255/118/55 256/117/55 254/119/55 253/120/55
f 253/120/56 254/119/56 250/121/56 249/122/56
f 251/123/57 255/118/57 253/120/57 249/124/57
f 256/117/58 252/125/58 250/126/58 254/119/58
g Cube.007_Cube.026
v -2.199594 5.182690 2.247120
v -2.199594 0.719694 2.247118
v -2.199594 5.182690 2.635831
v -2.199594 0.719694 2.635830
v -1.806297 5.182690 2.247120
v -1.806297 0.719694 2.247118
v -1.806297 5.182690 2.635831
v -1.806297 0.719694 2.635830
v 2.602467 5.182690 2.247120
v 2.602467 0.719694 2.247118
v 2.602467 5.182690 2.635831
v 2.602467 0.719694 2.635830
v 2.995765 5.182690 2.247120
v 2.995765 0.719694 2.247118
v 2.995765 5.182690 2.635831
v 2.995765 0.719694 2.635830
vn -1.0000 -0.0000 -0.0000
vn -0.0000 -0.0000 1.0000
vn 1.0000 -0.0000 -0.0000
vn -0.0000 -0.0000 -1.0000
vn -0.0000 1.0000 -0.0000
vn -0.0000 -1.0000 -0.0000
vt 0.375000 0.000000
vt 0.625000 0.000000
vt 0.625000 0.250000
vt 0.375000 0.250000
vt 0.625000 0.500000
vt 0.375000 0.500000
vt 0.625000 0.750000
vt 0.375000 0.750000
vt 0.625000 1.000000
vt 0.375000 1.000000
vt 0.125000 0.500000
vt 0.125000 0.750000
vt 0.875000 0.500000
vt 0.875000 0.750000
s 0
g off
g Cube.007_Material.001
usemtl Material.001
f 257/127/59 258/128/59 260/129/59 259/130/59
f 259/130/60 260/129/60 264/131/60 263/132/60
f 263/132/61 264/131/61 262/133/61 261/134/61
f 261/134/62 262/133/62 258/135/62 257/136/62
f 259/137/63 263/132/63 261/134/63 257/138/63
f 264/131/64 260/139/64 258/140/64 262/133/64
f 265/127/59 266/128/59 268/129/59 267/130/59
f 267/130/60 268/129/60 272/131/60 271/132/60
f 271/132/61 272/131/61 270/133/61 269/134/61
f 269/134/62 270/133/62 266/135/62 265/136/62
f 267/137/63 271/132/63 269/134/63 265/138/63
f 272/131/64 268/139/64 266/140/64 270/133/64
g Cube.008_Cube.027
v -1.302355 5.105173 -2.091374
v -1.302355 0.750722 -2.091372
v -1.302364 5.105173 -2.572498
v -1.302364 0.750722 -2.572495
v -1.756964 5.105173 -2.091366
v -1.756964 0.750722 -2.091363
v -1.756973 5.105173 -2.572489
v -1.756973 0.750722 -2.572487
v 2.530052 5.105173 -2.091446
v 2.530052 0.750723 -2.091444
v 2.530043 5.105173 -2.572570
v 2.530043 0.750722 -2.572567
v 2.075443 5.105173 -2.091438
v 2.075443 0.750723 -2.091435
v 2.075434 5.105173 -2.572561
v 2.075434 0.750722 -2.572559
v 1.565250 5.105173 -2.091428
v 1.565250 0.750723 -2.091425
v 1.565241 5.105173 -2.572551
v 1.565241 0.750722 -2.572549
v 1.110641 5.105173 -2.091419
v 1.110641 0.750723 -2.091417
v 1.110632 5.105173 -2.572543
v 1.110632 0.750722 -2.572541
v 0.613848 5.105173 -2.091410
v 0.613848 0.750723 -2.091407
v 0.613839 5.105173 -2.572533
v 0.613839 0.750722 -2.572531
v 0.159239 5.105173 -2.091401
v 0.159239 0.750723 -2.091399
v 0.159230 5.105173 -2.572525
v 0.159230 0.750722 -2.572522
v -0.350953 5.105173 -2.091392
v -0.350953 0.750723 -2.091389
v -0.350962 5.105173 -2.572515
v -0.350962 0.750722 -2.572513
v -0.805562 5.105173 -2.091383
v -0.805562 0.750723 -2.091380
v -0.805572 5.105173 -2.572506
v -0.805572 0.750722 -2.572504
vn 1.0000 -0.0000 -0.0000
vn -0.0000 -0.0000 -1.0000
vn -1.0000 -0.0000 -0.0000
vn -0.0000 -0.0000 1.0000
vn -0.0000 1.0000 -0.0000
vn -0.0000 -1.0000 -0.0000
vt 0.375000 0.000000
vt 0.625000 0.000000
vt 0.625000 0.250000
vt 0.375000 0.250000
vt 0.625000 0.500000
vt 0.375000 0.500000
vt 0.625000 0.750000
vt 0.375000 0.750000
vt 0.625000 1.000000
vt 0.375000 1.000000
vt 0.125000 0.500000
vt 0.125000 0.750000
vt 0.875000 0.500000
vt 0.875000 0.750000
s 0
g off
g Cube.008_Material.001
usemtl Material.001
f 273/141/65 274/142/65 276/143/65 275/144/65
f 275/144/66 276/143/66 280/145/66 279/146/66
f 279/146/67 280/145/67 278/147/67 277/148/67
f 277/148/68 278/147/68 274/149/68 273/150/68
f 275/151/69 279/146/69 277/148/69 273/152/69
f 280/145/70 276/153/70 274/154/70 278/147/70
f 281/141/65 282/142/65 284/143/65 283/144/65
f 283/144/66 284/143/66 288/145/66 287/146/66
f 287/146/67 288/145/67 286/147/67 285/148/67
f 285/148/68 286/147/68 282/149/68 281/150/68
f 283/151/69 287/146/69 285/148/69 281/152/69
f 288/145/70 284/153/70 282/154/70 286/147/70
f 289/141/65 290/142/65 292/143/65 291/144/65
f 291/144/66 292/143/66 296/145/66 295/146/66
f 295/146/67 296/145/67 294/147/67 293/148/67
f 293/148/68 294/147/68 290/149/68 289/150/68
f 291/151/69 295/146/69 293/148/69 289/152/69
f 296/145/70 292/153/70 290/154/70 294/147/70
f 297/141/65 298/142/65 300/143/65 299/144/65
f 299/144/66 300/143/66 304/145/66 303/146/66
f 303/146/67 304/145/67 302/147/67 301/148/67
f 301/148/68 302/147/68 298/149/68 297/150/68
f 299/151/69 303/146/69 301/148/69 297/152/69
f 304/145/70 300/153/70 298/154/70 302/147/70
f 305/141/65 306/142/65 308/143/65 307/144/65
f 307/144/66 308/143/66 312/145/66 311/146/66
f 311/146/67 312/145/67 310/147/67 309/148/67
f 309/148/68 310/147/68 306/149/68 305/150/68
f 307/151/69 311/146/69 309/148/69 305/152/69
f 312/145/70 308/153/70 306/154/70 310/147/70
g Cube.010_Cube.029
v 2.986649 5.182690 -2.244310
v 2.986649 0.719694 -2.244308
v 2.986641 5.182690 -2.645032
v 2.986641 0.719694 -2.645029
v 2.593351 5.182690 -2.244303
v 2.593351 0.719694 -2.244300
v 2.593343 5.182690 -2.645024
v 2.593343 0.719694 -2.645022
v -1.815413 5.182690 -2.244219
v -1.815413 0.719694 -2.244217
v -1.815421 5.182690 -2.644941
v -1.815421 0.719694 -2.644938
v -2.208711 5.182690 -2.244212
v -2.208711 0.719694 -2.244209
v -2.208718 5.182690 -2.644933
v -2.208718 0.719694 -2.644931
vn 1.0000 -0.0000 -0.0000
vn -0.0000 -0.0000 -1.0000
vn -1.0000 -0.0000 -0.0000
vn -0.0000 -0.0000 1.0000
vn -0.0000 1.0000 -0.0000
vn -0.0000 -1.0000 -0.0000
vt 0.375000 0.000000
vt 0.625000 0.000000
vt 0.625000 0.250000
vt 0.375000 0.250000
vt 0.625000 0.500000
vt 0.375000 0.500000
vt 0.625000 0.750000
vt 0.375000 0.750000
vt 0.625000 1.000000
vt 0.375000 1.000000
vt 0.125000 0.500000
vt 0.125000 0.750000
vt 0.875000 0.500000
vt 0.875000 0.750000
s 0
g off
g Cube.010_Material.001
usemtl Material.001
f 313/155/71 314/156/71 316/157/71 315/158/71
f 315/158/72 316/157/72 320/159/72 319/160/72
f 319/160/73 320/159/73 318/161/73 317/162/73
f 317/162/74 318/161/74 314/163/74 313/164/74
f 315/165/75 319/160/75 317/162/75 313/166/75
f 320/159/76 316/167/76 314/168/76 318/161/76
f 321/155/71 322/156/71 324/157/71 323/158/71
f 323/158/72 324/157/72 328/159/72 327/160/72
f 327/160/73 328/159/73 326/161/73 325/162/73
f 325/162/74 326/161/74 322/163/74 321/164/74
f 323/165/75 327/160/75 325/162/75 321/166/75
f 328/159/76 324/167/76 322/168/76 326/161/76
g Cube.011_Cube.038
v -1.529366 5.158195 -1.672522
v -1.529363 0.695198 -1.672522
v -2.010490 5.158194 -1.672522
v -2.010486 0.695198 -1.672522
v -1.529366 5.158195 -1.217912
v -1.529363 0.695198 -1.217912
v -2.010490 5.158194 -1.217912
v -2.010486 0.695198 -1.217912
v -1.529366 5.158195 -0.721120
v -1.529362 0.695198 -0.721120
v -2.010489 5.158195 -0.721120
v -2.010486 0.695198 -0.721120
v -1.529366 5.158195 -0.266511
v -1.529362 0.695198 -0.266511
v -2.010489 5.158195 -0.266511
v -2.010486 0.695198 -0.266511
v -1.513976 5.158195 0.243682
v -1.529362 0.695198 0.243682
v -1.995099 5.158194 0.243682
v -2.010486 0.695198 0.243682
v -1.513976 5.158195 0.698291
v -1.529362 0.695198 0.698291
v -1.995099 5.158194 0.698291
v -2.010486 0.695198 0.698291
v -1.529366 5.158195 1.195084
v -1.529362 0.695198 1.195084
v -2.010489 5.158195 1.195084
v -2.010486 0.695198 1.195084
v -1.529366 5.158195 1.649693
v -1.529362 0.695198 1.649693
v -2.010489 5.158195 1.649693
v -2.010486 0.695198 1.649693
vn -0.0000 -0.0000 -1.0000
vn -1.0000 -0.0000 -0.0000
vn -0.0000 -0.0000 1.0000
vn 1.0000 -0.0000 -0.0000
vn -0.0000 1.0000 -0.0000
vn -0.0000 -1.0000 -0.0000
vn -1.0000 0.0034 -0.0000
vn 1.0000 -0.0034 -0.0000
vt 0.375000 0.000000
vt 0.625000 0.000000
vt 0.625000 0.250000
vt 0.375000 0.250000
vt 0.625000 0.500000
vt 0.375000 0.500000
vt 0.625000 0.750000
vt 0.375000 0.750000
vt 0.625000 1.000000
vt 0.375000 1.000000
vt 0.125000 0.500000
vt 0.125000 0.750000
vt 0.875000 0.500000
vt 0.875000 0.750000
s 0
g off
g Cube.011_Material.001
usemtl Material.001
f 329/169/77 330/170/77 332/171/77 331/172/77
f 331/172/78 332/171/78 336/173/78 335/174/78
f 335/174/79 336/173/79 334/175/79 333/176/79
f 333/176/80 334/175/80 330/177/80 329/178/80
f 331/179/81 335/174/81 333/176/81 329/180/81
f 336/173/82 332/181/82 330/182/82 334/175/82
f 337/169/77 338/170/77 340/171/77 339/172/77
f 339/172/78 340/171/78 344/173/78 343/174/78
f 343/174/79 344/173/79 342/175/79 341/176/79
f 341/176/80 342/175/80 338/177/80 337/178/80
f 339/179/81 343/174/81 341/176/81 337/180/81
f 344/173/82 340/181/82 338/182/82 342/175/82
f 345/169/77 346/170/77 348/171/77 347/172/77
f 347/172/83 348/171/83 352/173/83 351/174/83
f 351/174/79 352/173/79 350/175/79 349/176/79
f 349/176/84 350/175/84 346/177/84 345/178/84
f 347/179/81 351/174/81 349/176/81 345/180/81
f 352/173/82 348/181/82 346/182/82 350/175/82
f 353/169/77 354/170/77 356/171/77 355/172/77
f 355/172/78 356/171/78 360/173/78 359/174/78
f 359/174/79 360/173/79 358/175/79 357/176/79
f 357/176/80 358/175/80 354/177/80 353/178/80
f 355/179/81 359/174/81 357/176/81 353/180/81
f 360/173/82 356/181/82 354/182/82 358/175/82
g Cylinder.001_Cylinder.001
v 2.923982 1.328224 1.031218
v 2.923982 4.658856 1.031218
v 2.942436 1.326987 1.033039
v 2.942477 4.658835 1.033039
v 2.960180 1.325797 1.038434
v 2.960261 4.658815 1.038434
v 2.976532 1.324700 1.047194
v 2.976650 4.658797 1.047194
v 2.990866 1.323739 1.058984
v 2.991016 4.658782 1.058984
v 3.002629 1.322950 1.073350
v 3.002806 4.658769 1.073350
v 3.011370 1.322364 1.089739
v 3.011566 4.658759 1.089739
v 3.016752 1.322003 1.107523
v 3.016961 4.658753 1.107523
v 3.018570 1.321881 1.126018
v 3.018782 4.658751 1.126018
v 3.016752 1.322003 1.144512
v 3.016961 4.658753 1.144512
v 3.011370 1.322364 1.162296
v 3.011566 4.658759 1.162296
v 3.002629 1.322950 1.178686
v 3.002806 4.658769 1.178686
v 2.990866 1.323739 1.193052
v 2.991016 4.658782 1.193052
v 2.976532 1.324700 1.204841
v 2.976650 4.658797 1.204841
v 2.960180 1.325797 1.213602
v 2.960261 4.658815 1.213602
v 2.942436 1.326987 1.218996
v 2.942477 4.658835 1.218996
v 2.923982 1.328224 1.220818
v 2.923982 4.658856 1.220818
v 2.905529 1.329462 1.218996
v 2.905488 4.658876 1.218996
v 2.887785 1.330652 1.213602
v 2.887704 4.658896 1.213602
v 2.871432 1.331748 1.204841
v 2.871314 4.658914 1.204841
v 2.857099 1.332709 1.193052
v 2.856949 4.658930 1.193052
v 2.845335 1.333498 1.178686
v 2.845159 4.658943 1.178686
v 2.836595 1.334084 1.162296
v 2.836399 4.658953 1.162296
v 2.831212 1.334445 1.144512
v 2.831004 4.658958 1.144512
v 2.829395 1.334567 1.126018
v 2.829182 4.658961 1.126018
v 2.831212 1.334445 1.107523
v 2.831004 4.658958 1.107523
v 2.836595 1.334084 1.089739
v 2.836399 4.658953 1.089739
v 2.845335 1.333498 1.073350
v 2.845159 4.658943 1.073350
v 2.857099 1.332709 1.058984
v 2.856949 4.658930 1.058984
v 2.871432 1.331748 1.047194
v 2.871314 4.658914 1.047194
v 2.887785 1.330652 1.038434
v 2.887704 4.658896 1.038434
v 2.905529 1.329462 1.033039
v 2.905488 4.658876 1.033039
v 2.866812 4.796266 1.033039
v 2.851148 4.786433 1.031218
v 2.881875 4.805720 1.038434
v 2.895756 4.814434 1.047194
v 2.907924 4.822071 1.058984
v 2.917909 4.828339 1.073350
v 2.925329 4.832996 1.089739
v 2.929898 4.835864 1.107523
v 2.931441 4.836833 1.126018
v 2.929898 4.835864 1.144513
v 2.925329 4.832996 1.162296
v 2.917909 4.828339 1.178686
v 2.907924 4.822071 1.193052
v 2.895756 4.814434 1.204841
v 2.881875 4.805720 1.213602
v 2.866812 4.796266 1.218996
v 2.851148 4.786433 1.220818
v 2.835483 4.776601 1.218996
v 2.820421 4.767146 1.213602
v 2.806540 4.758433 1.204841
v 2.794372 4.750796 1.193052
v 2.784387 4.744528 1.178686
v 2.776967 4.739871 1.162296
v 2.772398 4.737002 1.144513
v 2.770855 4.736034 1.126018
v 2.772398 4.737002 1.107523
v 2.776967 4.739871 1.089739
v 2.784387 4.744528 1.073350
v 2.794372 4.750796 1.058984
v 2.806540 4.758433 1.047194
v 2.820421 4.767146 1.038434
v 2.835483 4.776601 1.033039
v 2.572537 4.965740 1.033039
v 2.572484 4.947245 1.031218
v 2.572588 4.983523 1.038434
v 2.572635 4.999913 1.047194
v 2.572676 5.014278 1.058984
v 2.572710 5.026068 1.073350
v 2.572735 5.034828 1.089740
v 2.572750 5.040223 1.107523
v 2.572756 5.042045 1.126018
v 2.572750 5.040223 1.144513
v 2.572735 5.034828 1.162296
v 2.572710 5.026068 1.178686
v 2.572676 5.014278 1.193052
v 2.572635 4.999913 1.204841
v 2.572588 4.983523 1.213602
v 2.572537 4.965740 1.218997
v 2.572484 4.947245 1.220818
v 2.572430 4.928750 1.218997
v 2.572380 4.910966 1.213602
v 2.572333 4.894577 1.204841
v 2.572291 4.880211 1.193052
v 2.572258 4.868423 1.178686
v 2.572232 4.859662 1.162296
v 2.572217 4.854267 1.144513
v 2.572212 4.852446 1.126018
v 2.572217 4.854267 1.107523
v 2.572232 4.859662 1.089739
v 2.572258 4.868423 1.073350
v 2.572291 4.880211 1.058984
v 2.572333 4.894577 1.047194
v 2.572380 4.910966 1.038434
v 2.572430 4.928750 1.033039
v 2.871909 1.191774 1.031218
v 2.887057 1.181162 1.033039
v 2.901622 1.170958 1.038434
v 2.915045 1.161554 1.047194
v 2.926811 1.153312 1.058984
v 2.936467 1.146547 1.073350
v 2.943642 1.141521 1.089739
v 2.948061 1.138425 1.107523
v 2.949553 1.137380 1.126018
v 2.948061 1.138425 1.144512
v 2.943642 1.141521 1.162296
v 2.936467 1.146547 1.178686
v 2.926811 1.153312 1.193052
v 2.915045 1.161554 1.204841
v 2.901622 1.170958 1.213602
v 2.887057 1.181162 1.218996
v 2.871910 1.191774 1.220818
v 2.856762 1.202385 1.218996
v 2.842197 1.212589 1.213602
v 2.828773 1.221993 1.204841
v 2.817008 1.230236 1.193052
v 2.807352 1.237000 1.178686
v 2.800177 1.242027 1.162296
v 2.795758 1.245122 1.144512
v 2.794266 1.246167 1.126018
v 2.795758 1.245122 1.107523
v 2.800177 1.242027 1.089739
v 2.807352 1.237000 1.073350
v 2.817008 1.230236 1.058984
v 2.828773 1.221993 1.047194
v 2.842197 1.212589 1.038434
v 2.856762 1.202385 1.033039
v 2.562284 1.004368 1.031218
v 2.562109 0.985875 1.033039
v 2.561942 0.968091 1.038434
v 2.561788 0.951702 1.047194
v 2.561653 0.937337 1.058984
v 2.561542 0.925548 1.073350
v 2.561459 0.916788 1.089739
v 2.561409 0.911394 1.107523
v 2.561391 0.909572 1.126018
v 2.561409 0.911394 1.144512
v 2.561459 0.916788 1.162296
v 2.561542 0.925548 1.178686
v 2.561653 0.937337 1.193052
v 2.561788 0.951702 1.204841
v 2.561942 0.968091 1.213602
v 2.562109 0.985875 1.218996
v 2.562284 1.004368 1.220818
v 2.562458 1.022862 1.218996
v 2.562625 1.040645 1.213602
v 2.562779 1.057034 1.204841
v 2.562914 1.071399 1.193052
v 2.563025 1.083188 1.178686
v 2.563107 1.091948 1.162296
v 2.563158 1.097343 1.144512
v 2.563175 1.099164 1.126018
v 2.563158 1.097343 1.107523
v 2.563107 1.091948 1.089739
v 2.563025 1.083188 1.073350
v 2.562914 1.071399 1.058984
v 2.562779 1.057034 1.047194
v 2.562625 1.040645 1.038434
v 2.562457 1.022862 1.033039
v 2.923982 1.328224 0.488547
v 2.923982 4.658856 0.488547
v 2.942436 1.326987 0.490369
v 2.942477 4.658835 0.490369
v 2.960180 1.325797 0.495763
v 2.960261 4.658815 0.495763
v 2.976532 1.324700 0.504524
v 2.976650 4.658797 0.504524
v 2.990866 1.323739 0.516314
v 2.991016 4.658782 0.516314
v 3.002629 1.322950 0.530679
v 3.002806 4.658769 0.530679
v 3.011370 1.322364 0.547069
v 3.011566 4.658759 0.547069
v 3.016752 1.322003 0.564853
v 3.016961 4.658753 0.564853
v 3.018570 1.321881 0.583347
v 3.018782 4.658751 0.583347
v 3.016752 1.322003 0.601842
v 3.016961 4.658753 0.601842
v 3.011370 1.322364 0.619626
v 3.011566 4.658759 0.619626
v 3.002629 1.322950 0.636015
v 3.002806 4.658769 0.636015
v 2.990866 1.323739 0.650381
v 2.991016 4.658782 0.650381
v 2.976532 1.324700 0.662171
v 2.976650 4.658797 0.662171
v 2.960180 1.325797 0.670931
v 2.960261 4.658815 0.670931
v 2.942436 1.326987 0.676326
v 2.942477 4.658835 0.676326
v 2.923982 1.328224 0.678147
v 2.923982 4.658856 0.678147
v 2.905529 1.329462 0.676326
v 2.905488 4.658876 0.676326
v 2.887785 1.330652 0.670931
v 2.887704 4.658896 0.670931
v 2.871432 1.331748 0.662171
v 2.871314 4.658914 0.662171
v 2.857099 1.332709 0.650381
v 2.856949 4.658930 0.650381
v 2.845335 1.333498 0.636015
v 2.845159 4.658943 0.636015
v 2.836595 1.334084 0.619626
v 2.836399 4.658953 0.619626
v 2.831212 1.334445 0.601842
v 2.831004 4.658958 0.601842
v 2.829395 1.334567 0.583347
v 2.829182 4.658961 0.583347
v 2.831212 1.334445 0.564853
v 2.831004 4.658958 0.564853
v 2.836595 1.334084 0.547069
v 2.836399 4.658953 0.547069
v 2.845335 1.333498 0.530679
v 2.845159 4.658943 0.530679
v 2.857099 1.332709 0.516314
v 2.856949 4.658930 0.516314
v 2.871432 1.331748 0.504524
v 2.871314 4.658914 0.504524
v 2.887785 1.330652 0.495763
v 2.887704 4.658896 0.495763
v 2.905529 1.329462 0.490369
v 2.905488 4.658876 0.490369
v 2.866812 4.796266 0.490369
v 2.851148 4.786433 0.488547
v 2.881875 4.805720 0.495764
v 2.895756 4.814434 0.504524
v 2.907924 4.822071 0.516314
v 2.917909 4.828339 0.530679
v 2.925329 4.832996 0.547069
v 2.929898 4.835864 0.564853
v 2.931441 4.836833 0.583347
v 2.929898 4.835864 0.601842
v 2.925329 4.832996 0.619626
v 2.917909 4.828339 0.636016
v 2.907924 4.822071 0.650381
v 2.895756 4.814434 0.662171
v 2.881875 4.805720 0.670931
v 2.866812 4.796266 0.676326
v 2.851148 4.786433 0.678148
v 2.835483 4.776601 0.676326
v 2.820421 4.767146 0.670931
v 2.806540 4.758433 0.662171
v 2.794372 4.750796 0.650381
v 2.784387 4.744528 0.636016
v 2.776967 4.739871 0.619626
v 2.772398 4.737002 0.601842
v 2.770855 4.736034 0.583347
v 2.772398 4.737002 0.564853
v 2.776967 4.739871 0.547069
v 2.784387 4.744528 0.530679
v 2.794372 4.750796 0.516314
v 2.806540 4.758433 0.504524
v 2.820421 4.767146 0.495764
v 2.835483 4.776601 0.490369
v 2.572537 4.965740 0.490369
v 2.572484 4.947245 0.488547
v 2.572588 4.983523 0.495764
v 2.572635 4.999913 0.504524
v 2.572676 5.014278 0.516314
v 2.572710 5.026068 0.530679
v 2.572735 5.034828 0.547069
v 2.572750 5.040223 0.564853
v 2.572756 5.042045 0.583347
v 2.572750 5.040223 0.601842
v 2.572735 5.034828 0.619626
v 2.572710 5.026068 0.636016
v 2.572676 5.014278 0.650381
v 2.572635 4.999913 0.662171
v 2.572588 4.983523 0.670931
v 2.572537 4.965740 0.676326
v 2.572484 4.947245 0.678148
v 2.572430 4.928750 0.676326
v 2.572380 4.910966 0.670931
v 2.572333 4.894577 0.662171
v 2.572291 4.880211 0.650381
v 2.572258 4.868423 0.636016
v 2.572232 4.859662 0.619626
v 2.572217 4.854267 0.601842
v 2.572212 4.852446 0.583347
v 2.572217 4.854267 0.564853
v 2.572232 4.859662 0.547069
v 2.572258 4.868423 0.530679
v 2.572291 4.880211 0.516314
v 2.572333 4.894577 0.504524
v 2.572380 4.910966 0.495764
v 2.572430 4.928750 0.490369
v 2.871909 1.191774 0.488547
v 2.887057 1.181162 0.490369
v 2.901622 1.170958 0.495763
v 2.915045 1.161554 0.504524
v 2.926811 1.153312 0.516313
v 2.936467 1.146547 0.530679
v 2.943642 1.141521 0.547069
v 2.948061 1.138425 0.564853
v 2.949553 1.137380 0.583347
v 2.948061 1.138425 0.601842
v 2.943642 1.141521 0.619626
v 2.936467 1.146547 0.636015
v 2.926811 1.153312 0.650381
v 2.915045 1.161554 0.662171
v 2.901622 1.170958 0.670931
v 2.887057 1.181162 0.676326
v 2.871910 1.191774 0.678147
v 2.856762 1.202385 0.676326
v 2.842197 1.212589 0.670931
v 2.828773 1.221993 0.662171
v 2.817008 1.230236 0.650381
v 2.807352 1.237000 0.636015
v 2.800177 1.242027 0.619626
v 2.795758 1.245122 0.601842
v 2.794266 1.246167 0.583347
v 2.795758 1.245122 0.564853
v 2.800177 1.242027 0.547069
v 2.807352 1.237000 0.530679
v 2.817008 1.230236 0.516314
v 2.828773 1.221993 0.504524
v 2.842197 1.212589 0.495763
v 2.856762 1.202385 0.490369
v 2.562284 1.004368 0.488547
v 2.562109 0.985875 0.490369
v 2.561942 0.968091 0.495763
v 2.561788 0.951702 0.504524
v 2.561653 0.937337 0.516313
v 2.561542 0.925548 0.530679
v 2.561459 0.916788 0.547069
v 2.561409 0.911394 0.564853
v 2.561391 0.909572 0.583347
v 2.561409 0.911394 0.601842
v 2.561459 0.916788 0.619626
v 2.561542 0.925548 0.636015
v 2.561653 0.937337 0.650381
v 2.561788 0.951702 0.662171
v 2.561942 0.968091 0.670931
v 2.562109 0.985875 0.676326
v 2.562284 1.004368 0.678147
v 2.562458 1.022862 0.676326
v 2.562625 1.040645 0.670931
v 2.562779 1.057034 0.662171
v 2.562914 1.071399 0.650381
v 2.563025 1.083188 0.636015
v 2.563107 1.091948 0.619626
v 2.563158 1.097343 0.601842
v 2.563175 1.099164 0.583347
v 2.563158 1.097343 0.564853
v 2.563107 1.091948 0.547069
v 2.563025 1.083188 0.530679
v 2.562914 1.071399 0.516314
v 2.562779 1.057034 0.504524
v 2.562625 1.040645 0.495763
v 2.562457 1.022862 0.490369
v 2.930449 1.328224 -1.183161
v 2.930449 4.658856 -1.183161
v 2.948903 1.326987 -1.181340
v 2.948944 4.658835 -1.181340
v 2.966647 1.325797 -1.175945
v 2.966728 4.658815 -1.175945
v 2.983000 1.324700 -1.167185
v 2.983118 4.658797 -1.167185
v 2.997333 1.323739 -1.155395
v 2.997483 4.658782 -1.155395
v 3.009096 1.322950 -1.141029
v 3.009273 4.658769 -1.141029
v 3.017837 1.322364 -1.124640
v 3.018033 4.658759 -1.124640
v 3.023220 1.322003 -1.106856
v 3.023428 4.658753 -1.106856
v 3.025037 1.321881 -1.088361
v 3.025249 4.658751 -1.088361
v 3.023220 1.322003 -1.069866
v 3.023428 4.658753 -1.069866
v 3.017837 1.322364 -1.052083
v 3.018033 4.658759 -1.052083
v 3.009096 1.322950 -1.035693
v 3.009273 4.658769 -1.035693
v 2.997333 1.323739 -1.021327
v 2.997483 4.658782 -1.021327
v 2.983000 1.324700 -1.009537
v 2.983118 4.658797 -1.009537
v 2.966647 1.325797 -1.000777
v 2.966728 4.658815 -1.000777
v 2.948903 1.326987 -0.995383
v 2.948944 4.658835 -0.995383
v 2.930449 1.328224 -0.993561
v 2.930449 4.658856 -0.993561
v 2.911996 1.329462 -0.995383
v 2.911955 4.658876 -0.995383
v 2.894252 1.330652 -1.000777
v 2.894171 4.658896 -1.000777
v 2.877899 1.331748 -1.009537
v 2.877781 4.658914 -1.009537
v 2.863566 1.332709 -1.021327
v 2.863416 4.658930 -1.021327
v 2.851803 1.333498 -1.035693
v 2.851626 4.658943 -1.035693
v 2.843062 1.334084 -1.052083
v 2.842866 4.658953 -1.052083
v 2.837679 1.334445 -1.069866
v 2.837471 4.658958 -1.069866
v 2.835862 1.334567 -1.088361
v 2.835649 4.658961 -1.088361
v 2.837679 1.334445 -1.106856
v 2.837471 4.658958 -1.106856
v 2.843062 1.334084 -1.124640
v 2.842866 4.658953 -1.124640
v 2.851803 1.333498 -1.141029
v 2.851626 4.658943 -1.141029
v 2.863566 1.332709 -1.155395
v 2.863416 4.658930 -1.155395
v 2.877899 1.331748 -1.167185
v 2.877781 4.658914 -1.167185
v 2.894252 1.330652 -1.175945
v 2.894171 4.658896 -1.175945
v 2.911996 1.329462 -1.181340
v 2.911955 4.658876 -1.181340
v 2.873280 4.796266 -1.181340
v 2.857615 4.786433 -1.183161
v 2.888342 4.805720 -1.175945
v 2.902223 4.814434 -1.167184
v 2.914391 4.822071 -1.155395
v 2.924376 4.828339 -1.141029
v 2.931796 4.832996 -1.124640
v 2.936365 4.835864 -1.106856
v 2.937908 4.836833 -1.088361
v 2.936365 4.835864 -1.069866
v 2.931796 4.832996 -1.052083
v 2.924376 4.828339 -1.035693
v 2.914391 4.822071 -1.021327
v 2.902223 4.814434 -1.009537
v 2.888342 4.805720 -1.000777
v 2.873280 4.796266 -0.995383
v 2.857615 4.786433 -0.993561
v 2.841950 4.776601 -0.995383
v 2.826888 4.767146 -1.000777
v 2.813007 4.758433 -1.009537
v 2.800839 4.750796 -1.021327
v 2.790854 4.744528 -1.035693
v 2.783434 4.739871 -1.052083
v 2.778865 4.737002 -1.069866
v 2.777322 4.736034 -1.088361
v 2.778865 4.737002 -1.106856
v 2.783434 4.739871 -1.124640
v 2.790854 4.744528 -1.141029
v 2.800839 4.750796 -1.155395
v 2.813007 4.758433 -1.167184
v 2.826888 4.767146 -1.175945
v 2.841950 4.776601 -1.181340
v 2.579004 4.965740 -1.181340
v 2.578951 4.947245 -1.183161
v 2.579055 4.983523 -1.175945
v 2.579102 4.999913 -1.167184
v 2.579143 5.014278 -1.155395
v 2.579177 5.026068 -1.141029
v 2.579202 5.034828 -1.124640
v 2.579217 5.040223 -1.106856
v 2.579223 5.042045 -1.088361
v 2.579217 5.040223 -1.069866
v 2.579202 5.034828 -1.052083
v 2.579177 5.026068 -1.035693
v 2.579143 5.014278 -1.021327
v 2.579102 4.999913 -1.009537
v 2.579055 4.983523 -1.000777
v 2.579004 4.965740 -0.995382
v 2.578951 4.947245 -0.993561
v 2.578897 4.928750 -0.995382
v 2.578847 4.910966 -1.000777
v 2.578800 4.894577 -1.009537
v 2.578758 4.880211 -1.021327
v 2.578725 4.868423 -1.035693
v 2.578700 4.859662 -1.052083
v 2.578684 4.854267 -1.069866
v 2.578679 4.852446 -1.088361
v 2.578684 4.854267 -1.106856
v 2.578700 4.859662 -1.124640
v 2.578725 4.868423 -1.141029
v 2.578758 4.880211 -1.155395
v 2.578800 4.894577 -1.167184
v 2.578847 4.910966 -1.175945
v 2.578897 4.928750 -1.181340
v 2.878376 1.191774 -1.183161
v 2.893524 1.181162 -1.181340
v 2.908089 1.170958 -1.175945
v 2.921513 1.161554 -1.167185
v 2.933278 1.153312 -1.155395
v 2.942934 1.146547 -1.141029
v 2.950109 1.141521 -1.124640
v 2.954528 1.138425 -1.106856
v 2.956020 1.137380 -1.088361
v 2.954528 1.138425 -1.069867
v 2.950109 1.141521 -1.052083
v 2.942934 1.146547 -1.035693
v 2.933279 1.153312 -1.021327
v 2.921513 1.161554 -1.009537
v 2.908089 1.170958 -1.000777
v 2.893524 1.181162 -0.995383
v 2.878376 1.191774 -0.993561
v 2.863229 1.202385 -0.995383
v 2.848664 1.212589 -1.000777
v 2.835241 1.221993 -1.009537
v 2.823475 1.230236 -1.021327
v 2.813819 1.237000 -1.035693
v 2.806644 1.242027 -1.052083
v 2.802226 1.245122 -1.069866
v 2.800734 1.246167 -1.088361
v 2.802226 1.245122 -1.106856
v 2.806644 1.242027 -1.124640
v 2.813819 1.237000 -1.141029
v 2.823475 1.230236 -1.155395
v 2.835240 1.221993 -1.167185
v 2.848664 1.212589 -1.175945
v 2.863229 1.202385 -1.181340
v 2.568750 1.004368 -1.183161
v 2.568577 0.985875 -1.181340
v 2.568409 0.968091 -1.175945
v 2.568255 0.951702 -1.167185
v 2.568120 0.937337 -1.155395
v 2.568009 0.925548 -1.141029
v 2.567926 0.916788 -1.124640
v 2.567876 0.911394 -1.106856
v 2.567858 0.909572 -1.088361
v 2.567876 0.911394 -1.069867
v 2.567926 0.916788 -1.052083
v 2.568009 0.925548 -1.035693
v 2.568120 0.937337 -1.021327
v 2.568255 0.951702 -1.009537
v 2.568409 0.968091 -1.000777
v 2.568577 0.985875 -0.995383
v 2.568750 1.004368 -0.993561
v 2.568925 1.022862 -0.995383
v 2.569092 1.040645 -1.000777
v 2.569246 1.057034 -1.009537
v 2.569381 1.071399 -1.021327
v 2.569492 1.083188 -1.035693
v 2.569575 1.091948 -1.052083
v 2.569625 1.097343 -1.069866
v 2.569643 1.099164 -1.088361
v 2.569625 1.097343 -1.106856
v 2.569575 1.091948 -1.124640
v 2.569492 1.083188 -1.141029
v 2.569381 1.071399 -1.155395
v 2.569246 1.057034 -1.167185
v 2.569092 1.040645 -1.175945
v 2.568924 1.022862 -1.181340
v 2.930449 1.328224 -0.640491
v 2.930449 4.658856 -0.640491
v 2.948903 1.326987 -0.638669
v 2.948944 4.658835 -0.638669
v 2.966647 1.325797 -0.633274
v 2.966728 4.658815 -0.633274
v 2.983000 1.324700 -0.624514
v 2.983118 4.658797 -0.624514
v 2.997333 1.323739 -0.612724
v 2.997483 4.658782 -0.612724
v 3.009096 1.322950 -0.598359
v 3.009273 4.658769 -0.598359
v 3.017837 1.322364 -0.581969
v 3.018033 4.658759 -0.581969
v 3.023220 1.322003 -0.564185
v 3.023428 4.658753 -0.564185
v 3.025037 1.321881 -0.545691
v 3.025249 4.658751 -0.545691
v 3.023220 1.322003 -0.527196
v 3.023428 4.658753 -0.527196
v 3.017837 1.322364 -0.509412
v 3.018033 4.658759 -0.509412
v 3.009096 1.322950 -0.493023
v 3.009273 4.658769 -0.493023
v 2.997333 1.323739 -0.478657
v 2.997483 4.658782 -0.478657
v 2.983000 1.324700 -0.466867
v 2.983118 4.658797 -0.466867
v 2.966647 1.325797 -0.458107
v 2.966728 4.658815 -0.458107
v 2.948903 1.326987 -0.452712
v 2.948944 4.658835 -0.452712
v 2.930449 1.328224 -0.450890
v 2.930449 4.658856 -0.450890
v 2.911996 1.329462 -0.452712
v 2.911955 4.658876 -0.452712
v 2.894252 1.330652 -0.458107
v 2.894171 4.658896 -0.458107
v 2.877899 1.331748 -0.466867
v 2.877781 4.658914 -0.466867
v 2.863566 1.332709 -0.478657
v 2.863416 4.658930 -0.478657
v 2.851803 1.333498 -0.493023
v 2.851626 4.658943 -0.493023
v 2.843062 1.334084 -0.509412
v 2.842866 4.658953 -0.509412
v 2.837679 1.334445 -0.527196
v 2.837471 4.658958 -0.527196
v 2.835862 1.334567 -0.545691
v 2.835649 4.658961 -0.545691
v 2.837679 1.334445 -0.564185
v 2.837471 4.658958 -0.564185
v 2.843062 1.334084 -0.581969
v 2.842866 4.658953 -0.581969
v 2.851803 1.333498 -0.598359
v 2.851626 4.658943 -0.598359
v 2.863566 1.332709 -0.612724
v 2.863416 4.658930 -0.612724
v 2.877899 1.331748 -0.624514
v 2.877781 4.658914 -0.624514
v 2.894252 1.330652 -0.633274
v 2.894171 4.658896 -0.633274
v 2.911996 1.329462 -0.638669
v 2.911955 4.658876 -0.638669
v 2.873280 4.796266 -0.638669
v 2.857615 4.786433 -0.640491
v 2.888342 4.805720 -0.633274
v 2.902223 4.814434 -0.624514
v 2.914391 4.822071 -0.612724
v 2.924376 4.828339 -0.598359
v 2.931796 4.832996 -0.581969
v 2.936365 4.835864 -0.564185
v 2.937908 4.836833 -0.545691
v 2.936365 4.835864 -0.527196
v 2.931796 4.832996 -0.509412
v 2.924376 4.828339 -0.493022
v 2.914391 4.822071 -0.478657
v 2.902223 4.814434 -0.466867
v 2.888342 4.805720 -0.458107
v 2.873280 4.796266 -0.452712
v 2.857615 4.786433 -0.450890
v 2.841950 4.776601 -0.452712
v 2.826888 4.767146 -0.458107
v 2.813007 4.758433 -0.466867
v 2.800839 4.750796 -0.478657
v 2.790854 4.744528 -0.493022
v 2.783434 4.739871 -0.509412
v 2.778865 4.737002 -0.527196
v 2.777322 4.736034 -0.545691
v 2.778865 4.737002 -0.564185
v 2.783434 4.739871 -0.581969
v 2.790854 4.744528 -0.598359
v 2.800839 4.750796 -0.612724
v 2.813007 4.758433 -0.624514
v 2.826888 4.767146 -0.633274
v 2.841950 4.776601 -0.638669
v 2.579004 4.965740 -0.638669
v 2.578951 4.947245 -0.640491
v 2.579055 4.983523 -0.633274
v 2.579102 4.999913 -0.624514
v 2.579143 5.014278 -0.612724
v 2.579177 5.026068 -0.598359
v 2.579202 5.034828 -0.581969
v 2.579217 5.040223 -0.564185
v 2.579223 5.042045 -0.545691
v 2.579217 5.040223 -0.527196
v 2.579202 5.034828 -0.509412
v 2.579177 5.026068 -0.493022
v 2.579143 5.014278 -0.478657
v 2.579102 4.999913 -0.466867
v 2.579055 4.983523 -0.458107
v 2.579004 4.965740 -0.452712
v 2.578951 4.947245 -0.450890
v 2.578897 4.928750 -0.452712
v 2.578847 4.910966 -0.458107
v 2.578800 4.894577 -0.466867
v 2.578758 4.880211 -0.478657
v 2.578725 4.868423 -0.493022
v 2.578700 4.859662 -0.509412
v 2.578684 4.854267 -0.527196
v 2.578679 4.852446 -0.545691
v 2.578684 4.854267 -0.564185
v 2.578700 4.859662 -0.581969
v 2.578725 4.868423 -0.598359
v 2.578758 4.880211 -0.612724
v 2.578800 4.894577 -0.624514
v 2.578847 4.910966 -0.633274
v 2.578897 4.928750 -0.638669
v 2.878376 1.191774 -0.640491
v 2.893524 1.181162 -0.638669
v 2.908089 1.170958 -0.633274
v 2.921513 1.161554 -0.624514
v 2.933278 1.153312 -0.612724
v 2.942934 1.146547 -0.598359
v 2.950109 1.141521 -0.581969
v 2.954528 1.138425 -0.564185
v 2.956020 1.137380 -0.545691
v 2.954528 1.138425 -0.527196
v 2.950109 1.141521 -0.509412
v 2.942934 1.146547 -0.493023
v 2.933279 1.153312 -0.478657
v 2.921513 1.161554 -0.466867
v 2.908089 1.170958 -0.458107
v 2.893524 1.181162 -0.452712
v 2.878376 1.191774 -0.450890
v 2.863229 1.202385 -0.452712
v 2.848664 1.212589 -0.458107
v 2.835241 1.221993 -0.466867
v 2.823475 1.230236 -0.478657
v 2.813819 1.237000 -0.493023
v 2.806644 1.242027 -0.509412
v 2.802226 1.245122 -0.527196
v 2.800734 1.246167 -0.545691
v 2.802226 1.245122 -0.564185
v 2.806644 1.242027 -0.581969
v 2.813819 1.237000 -0.598359
v 2.823475 1.230236 -0.612724
v 2.835240 1.221993 -0.624514
v 2.848664 1.212589 -0.633274
v 2.863229 1.202385 -0.638669
v 2.568750 1.004368 -0.640491
v 2.568577 0.985875 -0.638669
v 2.568409 0.968091 -0.633274
v 2.568255 0.951702 -0.624514
v 2.568120 0.937337 -0.612724
v 2.568009 0.925548 -0.598359
v 2.567926 0.916788 -0.581969
v 2.567876 0.911394 -0.564185
v 2.567858 0.909572 -0.545691
v 2.567876 0.911394 -0.527196
v 2.567926 0.916788 -0.509412
v 2.568009 0.925548 -0.493023
v 2.568120 0.937337 -0.478657
v 2.568255 0.951702 -0.466867
v 2.568409 0.968091 -0.458107
v 2.568577 0.985875 -0.452712
v 2.568750 1.004368 -0.450890
v 2.568925 1.022862 -0.452712
v 2.569092 1.040645 -0.458107
v 2.569246 1.057034 -0.466867
v 2.569381 1.071399 -0.478657
v 2.569492 1.083188 -0.493023
v 2.569575 1.091948 -0.509412
v 2.569625 1.097343 -0.527196
v 2.569643 1.099164 -0.545691
v 2.569625 1.097343 -0.564185
v 2.569575 1.091948 -0.581969
v 2.569492 1.083188 -0.598359
v 2.569381 1.071399 -0.612724
v 2.569246 1.057034 -0.624514
v 2.569092 1.040645 -0.633274
v 2.568924 1.022862 -0.638669
vn 0.0981 -0.0000 -0.9952
vn 0.2906 -0.0000 -0.9568
vn 0.4718 -0.0000 -0.8817
vn 0.6348 -0.0000 -0.7727
vn 0.7734 -0.0000 -0.6340
vn 0.8821 -0.0000 -0.4710
vn 0.9570 -0.0001 -0.2900
vn 0.9952 -0.0001 -0.0979
vn 0.9952 -0.0001 0.0979
vn 0.9570 -0.0001 0.2900
vn 0.8821 -0.0000 0.4710
vn 0.7734 -0.0000 0.6340
vn 0.6348 -0.0000 0.7727
vn 0.4718 -0.0000 0.8817
vn 0.2906 -0.0000 0.9568
vn 0.0981 -0.0000 0.9952
vn -0.0981 -0.0000 0.9952
vn -0.2906 -0.0000 0.9568
vn -0.4718 -0.0000 0.8817
vn -0.6348 -0.0000 0.7727
vn -0.7734 -0.0000 0.6340
vn -0.8821 -0.0000 0.4710
vn -0.9570 -0.0001 0.2900
vn -0.9952 -0.0001 0.0979
vn -0.9952 -0.0001 -0.0979
vn -0.9570 -0.0001 -0.2900
vn -0.8821 -0.0000 -0.4710
vn -0.7734 -0.0000 -0.6340
vn -0.6348 -0.0000 -0.7727
vn -0.4718 -0.0000 -0.8817
vn -0.2658 -0.1615 0.9504
vn -0.2906 -0.0000 -0.9568
vn -0.0981 -0.0000 -0.9952
vn 0.2810 -0.1065 -0.9538
vn -0.5037 -0.8596 -0.0859
vn -0.7300 -0.5270 -0.4351
vn 0.7057 0.3562 -0.6124
vn 0.4371 0.2301 0.8695
vn -0.7745 -0.5751 0.2633
vn 0.0914 0.0512 -0.9945
vn -0.0909 -0.0529 -0.9945
vn 0.8621 0.4252 0.2757
vn -0.4234 -0.2691 0.8651
vn -0.6580 -0.4574 -0.5982
vn 0.7991 0.3978 -0.4508
vn 0.2705 0.1465 0.9515
vn -0.7954 -0.5996 0.0880
vn 0.2705 0.1465 -0.9515
vn 0.7991 0.3978 0.4508
vn -0.5556 -0.3697 0.7447
vn -0.5556 -0.3697 -0.7447
vn 0.8621 0.4252 -0.2757
vn 0.0914 0.0512 0.9945
vn -0.7954 -0.5996 -0.0880
vn 0.4371 0.2301 -0.8695
vn 0.7057 0.3562 0.6124
vn -0.6580 -0.4574 0.5982
vn -0.4234 -0.2691 -0.8651
vn 0.8938 0.4388 -0.0928
vn -0.0909 -0.0529 0.9945
vn -0.7745 -0.5751 -0.2633
vn 0.5840 0.3003 -0.7542
vn 0.5840 0.3003 0.7542
vn -0.7300 -0.5270 0.4351
vn -0.2658 -0.1615 -0.9504
vn 0.8938 0.4388 0.0928
vn -1.0000 0.0029 -0.0000
vn 0.4038 0.7046 0.5836
vn -0.4883 -0.8341 -0.2567
vn 0.3403 0.5931 0.7297
vn -0.4571 -0.7819 -0.4239
vn 0.2595 0.4518 0.8536
vn 0.0558 0.0968 -0.9937
vn -0.4092 -0.7015 -0.5835
vn 0.1632 0.2837 0.9449
vn 0.1632 0.2837 -0.9449
vn -0.3440 -0.5910 -0.7296
vn 0.0558 0.0968 0.9937
vn 0.2595 0.4518 -0.8536
vn -0.2616 -0.4506 -0.8535
vn -0.0559 -0.0968 0.9937
vn 0.3403 0.5931 -0.7297
vn -0.1640 -0.2833 -0.9449
vn -0.1640 -0.2833 0.9449
vn 0.4038 0.7046 -0.5836
vn -0.0559 -0.0968 -0.9937
vn -0.2616 -0.4506 0.8535
vn 0.4500 0.7860 -0.4239
vn -0.3440 -0.5910 0.7296
vn 0.4801 0.8388 -0.2567
vn -0.4092 -0.7015 0.5835
vn 0.4948 0.8648 -0.0859
vn -0.4571 -0.7819 0.4239
vn 0.4948 0.8648 0.0859
vn -0.4883 -0.8341 0.2567
vn 0.4801 0.8388 0.2567
vn -0.5037 -0.8596 0.0859
vn 0.4500 0.7860 0.4239
vn 0.2650 -0.4448 0.8555
vn 0.8326 -0.3120 0.4577
vn -0.6044 0.2357 0.7610
vn -0.6044 0.2357 -0.7610
vn 0.8990 -0.3365 -0.2804
vn 0.0951 -0.0362 0.9948
vn -0.9252 0.3675 -0.0944
vn 0.4540 -0.1714 -0.8743
vn 0.7345 -0.2758 0.6201
vn -0.7305 0.2866 0.6199
vn -0.4526 0.1753 -0.8743
vn 0.9324 -0.3488 -0.0944
vn -0.0950 0.0364 0.9948
vn -0.8924 0.3536 -0.2803
vn 0.6071 -0.2285 -0.7611
vn 0.6071 -0.2285 0.7611
vn -0.8271 0.3264 0.4575
vn -0.2804 0.1079 -0.9538
vn 0.9324 -0.3488 0.0944
vn -0.2804 0.1079 0.9538
vn -0.8271 0.3264 -0.4575
vn 0.7345 -0.2758 -0.6201
vn 0.4540 -0.1714 0.8743
vn -0.8924 0.3536 0.2803
vn 0.0951 -0.0362 -0.9948
vn -0.0950 0.0364 -0.9948
vn 0.8990 -0.3365 0.2804
vn -0.4526 0.1753 0.8743
vn -0.7305 0.2866 -0.6199
vn 0.8326 -0.3120 -0.4577
vn 0.2810 -0.1065 0.9538
vn -0.9252 0.3675 0.0944
vn -1.0000 0.0094 -0.0000
vn 0.0573 -0.0949 -0.9938
vn -0.4305 0.6863 -0.5862
vn 0.1670 -0.2787 0.9458
vn 0.1670 -0.2787 -0.9458
vn -0.3600 0.5783 -0.7321
vn 0.0573 -0.0949 0.9938
vn 0.2650 -0.4448 -0.8555
vn -0.2723 0.4409 -0.8553
vn -0.0576 0.0948 0.9938
vn 0.3471 -0.5855 -0.7326
vn -0.1698 0.2772 -0.9457
vn -0.1698 0.2772 0.9457
vn 0.4116 -0.6972 -0.5870
vn -0.0576 0.0948 -0.9938
vn -0.2723 0.4409 0.8553
vn 0.4588 -0.7792 -0.4270
vn -0.3600 0.5783 0.7321
vn 0.4893 -0.8328 -0.2589
vn -0.4305 0.6863 0.5862
vn 0.5043 -0.8591 -0.0867
vn -0.4829 0.7650 0.4262
vn 0.5043 -0.8591 0.0867
vn -0.5174 0.8158 0.2583
vn 0.4893 -0.8328 0.2589
vn -0.5345 0.8407 0.0865
vn 0.4588 -0.7792 0.4270
vn -0.5345 0.8407 -0.0865
vn 0.4116 -0.6972 0.5870
vn -0.5174 0.8158 -0.2583
vn 0.3471 -0.5855 0.7326
vn -0.4829 0.7650 -0.4262
vn -0.4092 -0.7014 0.5835
vn 0.7058 0.3562 0.6124
vn 0.4038 0.7045 0.5836
vn -0.4092 -0.7014 -0.5835
vn 0.2649 -0.4448 -0.8555
vn 0.1670 -0.2787 0.9457
vn 0.4116 -0.6972 -0.5869
vt 1.000000 0.500000
vt 1.000000 1.000000
vt 0.968750 1.000000
vt 0.968750 0.500000
vt 0.937500 1.000000
vt 0.937500 0.500000
vt 0.906250 1.000000
vt 0.906250 0.500000
vt 0.875000 1.000000
vt 0.875000 0.500000
vt 0.843750 1.000000
vt 0.843750 0.500000
vt 0.812500 1.000000
vt 0.812500 0.500000
vt 0.781250 1.000000
vt 0.781250 0.500000
vt 0.750000 1.000000
vt 0.750000 0.500000
vt 0.718750 1.000000
vt 0.718750 0.500000
vt 0.687500 1.000000
vt 0.687500 0.500000
vt 0.656250 1.000000
vt 0.656250 0.500000
vt 0.625000 1.000000
vt 0.625000 0.500000
vt 0.593750 1.000000
vt 0.593750 0.500000
vt 0.562500 1.000000
vt 0.562500 0.500000
vt 0.531250 1.000000
vt 0.531250 0.500000
vt 0.500000 1.000000
vt 0.500000 0.500000
vt 0.468750 1.000000
vt 0.468750 0.500000
vt 0.437500 1.000000
vt 0.437500 0.500000
vt 0.406250 1.000000
vt 0.406250 0.500000
vt 0.375000 1.000000
vt 0.375000 0.500000
vt 0.343750 1.000000
vt 0.343750 0.500000
vt 0.312500 1.000000
vt 0.312500 0.500000
vt 0.281250 1.000000
vt 0.281250 0.500000
vt 0.250000 1.000000
vt 0.250000 0.500000
vt 0.218750 1.000000
vt 0.218750 0.500000
vt 0.187500 1.000000
vt 0.187500 0.500000
vt 0.156250 1.000000
vt 0.156250 0.500000
vt 0.125000 1.000000
vt 0.125000 0.500000
vt 0.093750 1.000000
vt 0.093750 0.500000
vt 0.062500 1.000000
vt 0.062500 0.500000
vt 0.031250 1.000000
vt 0.031250 0.500000
vt 0.000000 1.000000
vt 0.000000 0.500000
vt 0.296822 0.485388
vt 0.250000 0.490000
vt 0.203178 0.485388
vt 0.158156 0.471731
vt 0.116663 0.449553
vt 0.080294 0.419706
vt 0.050447 0.383337
vt 0.028269 0.341844
vt 0.014612 0.296822
vt 0.010000 0.250000
vt 0.014612 0.203178
vt 0.028269 0.158156
vt 0.050447 0.116663
vt 0.080294 0.080294
vt 0.116663 0.050447
vt 0.158156 0.028269
vt 0.203178 0.014612
vt 0.250000 0.010000
vt 0.296822 0.014612
vt 0.341844 0.028269
vt 0.383337 0.050447
vt 0.419706 0.080294
vt 0.449553 0.116663
vt 0.471731 0.158156
vt 0.485388 0.203178
vt 0.490000 0.250000
vt 0.485388 0.296822
vt 0.471731 0.341844
vt 0.449553 0.383337
vt 0.419706 0.419706
vt 0.383337 0.449553
vt 0.341844 0.471731
vt 0.750000 0.490000
vt 0.796822 0.485388
vt 0.841844 0.471731
vt 0.883337 0.449553
vt 0.919706 0.419706
vt 0.949553 0.383337
vt 0.971731 0.341844
vt 0.985388 0.296822
vt 0.990000 0.250000
vt 0.985388 0.203178
vt 0.971731 0.158156
vt 0.949553 0.116663
vt 0.919706 0.080294
vt 0.883337 0.050447
vt 0.841844 0.028269
vt 0.796822 0.014612
vt 0.750000 0.010000
vt 0.703178 0.014612
vt 0.658156 0.028269
vt 0.616663 0.050447
vt 0.580294 0.080294
vt 0.550447 0.116663
vt 0.528269 0.158156
vt 0.514612 0.203178
vt 0.510000 0.250000
vt 0.514612 0.296822
vt 0.528269 0.341844
vt 0.550447 0.383337
vt 0.580294 0.419706
vt 0.616663 0.449553
vt 0.658156 0.471731
vt 0.703178 0.485388
s 0
g off
g Cylinder.001_Material.002
usemtl Material.002
f 361/183/85 362/184/85 364/185/85 363/186/85
f 363/186/86 364/185/86 366/187/86 365/188/86
f 365/188/87 366/187/87 368/189/87 367/190/87
f 367/190/88 368/189/88 370/191/88 369/192/88
f 369/192/89 370/191/89 372/193/89 371/194/89
f 371/194/90 372/193/90 374/195/90 373/196/90
f 373/196/91 374/195/91 376/197/91 375/198/91
f 375/198/92 376/197/92 378/199/92 377/200/92
f 377/200/93 378/199/93 380/201/93 379/202/93
f 379/202/94 380/201/94 382/203/94 381/204/94
f 381/204/95 382/203/95 384/205/95 383/206/95
f 383/206/96 384/205/96 386/207/96 385/208/96
f 385/208/97 386/207/97 388/209/97 387/210/97
f 387/210/98 388/209/98 390/211/98 389/212/98
f 389/212/99 390/211/99 392/213/99 391/214/99
f 391/214/100 392/213/100 394/215/100 393/216/100
f 393/216/101 394/215/101 396/217/101 395/218/101
f 395/218/102 396/217/102 398/219/102 397/220/102
f 397/220/103 398/219/103 400/221/103 399/222/103
f 399/222/104 400/221/104 402/223/104 401/224/104
f 401/224/105 402/223/105 404/225/105 403/226/105
f 403/226/106 404/225/106 406/227/106 405/228/106
f 405/228/107 406/227/107 408/229/107 407/230/107
f 407/230/108 408/229/108 410/231/108 409/232/108
f 409/232/109 410/231/109 412/233/109 411/234/109
f 411/234/110 412/233/110 414/235/110 413/236/110
f 413/236/111 414/235/111 416/237/111 415/238/111
f 415/238/112 416/237/112 418/239/112 417/240/112
f 417/240/113 418/239/113 420/241/113 419/242/113
f 419/242/114 420/241/114 422/243/114 421/244/114
f 398/219/115 396/217/115 442/217/115 443/219/115
f 421/244/116 422/243/116 424/245/116 423/246/116
f 423/246/117 424/245/117 362/247/117 361/248/117
f 363/186/118 365/188/118 491/188/118 490/186/118
f 450/233/119 449/231/119 481/231/119 482/233/119
f 416/237/120 414/235/120 451/235/120 452/237/120
f 372/193/121 370/191/121 429/191/121 430/193/121
f 390/211/122 388/209/122 438/209/122 439/211/122
f 408/229/123 406/227/123 447/227/123 448/229/123
f 364/185/124 362/184/124 426/184/124 425/185/124
f 362/247/125 424/245/125 456/245/125 426/247/125
f 382/203/126 380/201/126 434/201/126 435/203/126
f 400/221/127 398/219/127 443/219/127 444/221/127
f 418/239/128 416/237/128 452/237/128 453/239/128
f 374/195/129 372/193/129 430/193/129 431/195/129
f 392/213/130 390/211/130 439/211/130 440/213/130
f 410/231/131 408/229/131 448/229/131 449/231/131
f 366/187/132 364/185/132 425/185/132 427/187/132
f 384/205/133 382/203/133 435/203/133 436/205/133
f 402/223/134 400/221/134 444/221/134 445/223/134
f 420/241/135 418/239/135 453/239/135 454/241/135
f 376/197/136 374/195/136 431/195/136 432/197/136
f 394/215/137 392/213/137 440/213/137 441/215/137
f 412/233/138 410/231/138 449/231/138 450/233/138
f 368/189/139 366/187/139 427/187/139 428/189/139
f 386/207/140 384/205/140 436/205/140 437/207/140
f 404/225/141 402/223/141 445/223/141 446/225/141
f 422/243/142 420/241/142 454/241/142 455/243/142
f 378/199/143 376/197/143 432/197/143 433/199/143
f 396/217/144 394/215/144 441/215/144 442/217/144
f 414/235/145 412/233/145 450/233/145 451/235/145
f 370/191/146 368/189/146 428/189/146 429/191/146
f 388/209/147 386/207/147 437/207/147 438/209/147
f 406/227/148 404/225/148 446/225/148 447/227/148
f 424/245/149 422/243/149 455/243/149 456/245/149
f 380/201/150 378/199/150 433/199/150 434/201/150
f 457/249/151 458/250/151 488/251/151 487/252/151 486/253/151 485/254/151 484/255/151 483/256/151 482/257/151 481/258/151 480/259/151 479/260/151 478/261/151 477/262/151 476/263/151 475/264/151 474/265/151 473/266/151 472/267/151 471/268/151 470/269/151 469/270/151 468/271/151 467/272/151 466/273/151 465/274/151 464/275/151 463/276/151 462/277/151 461/278/151 460/279/151 459/280/151
f 437/207/152 436/205/152 468/205/152 469/207/152
f 451/235/153 450/233/153 482/233/153 483/235/153
f 438/209/154 437/207/154 469/207/154 470/209/154
f 452/237/155 451/235/155 483/235/155 484/237/155
f 439/211/156 438/209/156 470/209/156 471/211/156
f 425/185/157 426/184/157 458/184/157 457/185/157
f 453/239/158 452/237/158 484/237/158 485/239/158
f 440/213/159 439/211/159 471/211/159 472/213/159
f 427/187/160 425/185/160 457/185/160 459/187/160
f 454/241/161 453/239/161 485/239/161 486/241/161
f 441/215/162 440/213/162 472/213/162 473/215/162
f 428/189/163 427/187/163 459/187/163 460/189/163
f 455/243/164 454/241/164 486/241/164 487/243/164
f 442/217/165 441/215/165 473/215/165 474/217/165
f 429/191/166 428/189/166 460/189/166 461/191/166
f 456/245/167 455/243/167 487/243/167 488/245/167
f 443/219/168 442/217/168 474/217/168 475/219/168
f 430/193/169 429/191/169 461/191/169 462/193/169
f 426/247/170 456/245/170 488/245/170 458/247/170
f 444/221/171 443/219/171 475/219/171 476/221/171
f 431/195/172 430/193/172 462/193/172 463/195/172
f 445/223/173 444/221/173 476/221/173 477/223/173
f 432/197/174 431/195/174 463/195/174 464/197/174
f 446/225/175 445/223/175 477/223/175 478/225/175
f 433/199/176 432/197/176 464/197/176 465/199/176
f 447/227/177 446/225/177 478/225/177 479/227/177
f 434/201/178 433/199/178 465/199/178 466/201/178
f 448/229/179 447/227/179 479/227/179 480/229/179
f 435/203/180 434/201/180 466/201/180 467/203/180
f 449/231/181 448/229/181 480/229/181 481/231/181
f 436/205/182 435/203/182 467/203/182 468/205/182
f 502/210/183 503/212/183 535/212/183 534/210/183
f 381/204/184 383/206/184 500/206/184 499/204/184
f 399/222/185 401/224/185 509/224/185 508/222/185
f 417/240/186 419/242/186 518/242/186 517/240/186
f 373/196/187 375/198/187 496/198/187 495/196/187
f 391/214/188 393/216/188 505/216/188 504/214/188
f 409/232/189 411/234/189 514/234/189 513/232/189
f 365/188/190 367/190/190 492/190/190 491/188/190
f 383/206/191 385/208/191 501/208/191 500/206/191
f 401/224/192 403/226/192 510/226/192 509/224/192
f 419/242/193 421/244/193 519/244/193 518/242/193
f 375/198/194 377/200/194 497/200/194 496/198/194
f 393/216/195 395/218/195 506/218/195 505/216/195
f 411/234/196 413/236/196 515/236/196 514/234/196
f 367/190/197 369/192/197 493/192/197 492/190/197
f 385/208/198 387/210/198 502/210/198 501/208/198
f 403/226/199 405/228/199 511/228/199 510/226/199
f 421/244/200 423/246/200 520/246/200 519/244/200
f 377/200/201 379/202/201 498/202/201 497/200/201
f 395/218/202 397/220/202 507/220/202 506/218/202
f 413/236/203 415/238/203 516/238/203 515/236/203
f 369/192/204 371/194/204 494/194/204 493/192/204
f 387/210/205 389/212/205 503/212/205 502/210/205
f 405/228/206 407/230/206 512/230/206 511/228/206
f 361/183/207 363/186/207 490/186/207 489/183/207
f 423/246/208 361/248/208 489/248/208 520/246/208
f 379/202/209 381/204/209 499/204/209 498/202/209
f 397/220/210 399/222/210 508/222/210 507/220/210
f 415/238/211 417/240/211 517/240/211 516/238/211
f 371/194/212 373/196/212 495/196/212 494/194/212
f 389/212/213 391/214/213 504/214/213 503/212/213
f 407/230/214 409/232/214 513/232/214 512/230/214
f 521/281/215 522/282/215 523/283/215 524/284/215 525/285/215 526/286/215 527/287/215 528/288/215 529/289/215 530/290/215 531/291/215 532/292/215 533/293/215 534/294/215 535/295/215 536/296/215 537/297/215 538/298/215 539/299/215 540/300/215 541/301/215 542/302/215 543/303/215 544/304/215 545/305/215 546/306/215 547/307/215 548/308/215 549/309/215 550/310/215 551/311/215 552/312/215
f 489/183/216 490/186/216 522/186/216 521/183/216
f 516/238/217 517/240/217 549/240/217 548/238/217
f 503/212/218 504/214/218 536/214/218 535/212/218
f 490/186/219 491/188/219 523/188/219 522/186/219
f 517/240/220 518/242/220 550/242/220 549/240/220
f 504/214/221 505/216/221 537/216/221 536/214/221
f 491/188/222 492/190/222 524/190/222 523/188/222
f 518/242/223 519/244/223 551/244/223 550/242/223
f 505/216/224 506/218/224 538/218/224 537/216/224
f 492/190/225 493/192/225 525/192/225 524/190/225
f 519/244/226 520/246/226 552/246/226 551/244/226
f 506/218/227 507/220/227 539/220/227 538/218/227
f 493/192/228 494/194/228 526/194/228 525/192/228
f 520/246/229 489/248/229 521/248/229 552/246/229
f 507/220/230 508/222/230 540/222/230 539/220/230
f 494/194/231 495/196/231 527/196/231 526/194/231
f 508/222/232 509/224/232 541/224/232 540/222/232
f 495/196/233 496/198/233 528/198/233 527/196/233
f 509/224/234 510/226/234 542/226/234 541/224/234
f 496/198/235 497/200/235 529/200/235 528/198/235
f 510/226/236 511/228/236 543/228/236 542/226/236
f 497/200/237 498/202/237 530/202/237 529/200/237
f 511/228/238 512/230/238 544/230/238 543/228/238
f 498/202/239 499/204/239 531/204/239 530/202/239
f 512/230/240 513/232/240 545/232/240 544/230/240
f 499/204/241 500/206/241 532/206/241 531/204/241
f 513/232/242 514/234/242 546/234/242 545/232/242
f 500/206/243 501/208/243 533/208/243 532/206/243
f 514/234/244 515/236/244 547/236/244 546/234/244
f 501/208/245 502/210/245 534/210/245 533/208/245
f 515/236/246 516/238/246 548/238/246 547/236/246
f 553/183/85 554/184/85 556/185/85 555/186/85
f 555/186/86 556/185/86 558/187/86 557/188/86
f 557/188/87 558/187/87 560/189/87 559/190/87
f 559/190/88 560/189/88 562/191/88 561/192/88
f 561/192/89 562/191/89 564/193/89 563/194/89
f 563/194/90 564/193/90 566/195/90 565/196/90
f 565/196/91 566/195/91 568/197/91 567/198/91
f 567/198/92 568/197/92 570/199/92 569/200/92
f 569/200/93 570/199/93 572/201/93 571/202/93
f 571/202/94 572/201/94 574/203/94 573/204/94
f 573/204/95 574/203/95 576/205/95 575/206/95
f 575/206/96 576/205/96 578/207/96 577/208/96
f 577/208/97 578/207/97 580/209/97 579/210/97
f 579/210/98 580/209/98 582/211/98 581/212/98
f 581/212/99 582/211/99 584/213/99 583/214/99
f 583/214/100 584/213/100 586/215/100 585/216/100
f 585/216/101 586/215/101 588/217/101 587/218/101
f 587/218/102 588/217/102 590/219/102 589/220/102
f 589/220/103 590/219/103 592/221/103 591/222/103
f 591/222/104 592/221/104 594/223/104 593/224/104
f 593/224/105 594/223/105 596/225/105 595/226/105
f 595/226/106 596/225/106 598/227/106 597/228/106
f 597/228/107 598/227/107 600/229/107 599/230/107
f 599/230/108 600/229/108 602/231/108 601/232/108
f 601/232/109 602/231/109 604/233/109 603/234/109
f 603/234/110 604/233/110 606/235/110 605/236/110
f 605/236/111 606/235/111 608/237/111 607/238/111
f 607/238/112 608/237/112 610/239/112 609/240/112
f 609/240/113 610/239/113 612/241/113 611/242/113
f 611/242/114 612/241/114 614/243/114 613/244/114
f 590/219/115 588/217/115 634/217/115 635/219/115
f 613/244/116 614/243/116 616/245/116 615/246/116
f 615/246/117 616/245/117 554/247/117 553/248/117
f 555/186/118 557/188/118 683/188/118 682/186/118
f 642/233/119 641/231/119 673/231/119 674/233/119
f 608/237/120 606/235/120 643/235/120 644/237/120
f 564/193/121 562/191/121 621/191/121 622/193/121
f 582/211/122 580/209/122 630/209/122 631/211/122
f 600/229/123 598/227/123 639/227/123 640/229/123
f 556/185/124 554/184/124 618/184/124 617/185/124
f 554/247/125 616/245/125 648/245/125 618/247/125
f 574/203/126 572/201/126 626/201/126 627/203/126
f 592/221/127 590/219/127 635/219/127 636/221/127
f 610/239/128 608/237/128 644/237/128 645/239/128
f 566/195/129 564/193/129 622/193/129 623/195/129
f 584/213/130 582/211/130 631/211/130 632/213/130
f 602/231/131 600/229/131 640/229/131 641/231/131
f 558/187/132 556/185/132 617/185/132 619/187/132
f 576/205/133 574/203/133 627/203/133 628/205/133
f 594/223/134 592/221/134 636/221/134 637/223/134
f 612/241/135 610/239/135 645/239/135 646/241/135
f 568/197/136 566/195/136 623/195/136 624/197/136
f 586/215/137 584/213/137 632/213/137 633/215/137
f 604/233/138 602/231/138 641/231/138 642/233/138
f 560/189/139 558/187/139 619/187/139 620/189/139
f 578/207/140 576/205/140 628/205/140 629/207/140
f 596/225/141 594/223/141 637/223/141 638/225/141
f 614/243/142 612/241/142 646/241/142 647/243/142
f 570/199/143 568/197/143 624/197/143 625/199/143
f 588/217/144 586/215/144 633/215/144 634/217/144
f 606/235/145 604/233/145 642/233/145 643/235/145
f 562/191/146 560/189/146 620/189/146 621/191/146
f 580/209/147 578/207/147 629/207/147 630/209/147
f 598/227/148 596/225/148 638/225/148 639/227/148
f 616/245/149 614/243/149 647/243/149 648/245/149
f 572/201/150 570/199/150 625/199/150 626/201/150
f 649/249/151 650/250/151 680/251/151 679/252/151 678/253/151 677/254/151 676/255/151 675/256/151 674/257/151 673/258/151 672/259/151 671/260/151 670/261/151 669/262/151 668/263/151 667/264/151 666/265/151 665/266/151 664/267/151 663/268/151 662/269/151 661/270/151 660/271/151 659/272/151 658/273/151 657/274/151 656/275/151 655/276/151 654/277/151 653/278/151 652/279/151 651/280/151
f 629/207/152 628/205/152 660/205/152 661/207/152
f 643/235/153 642/233/153 674/233/153 675/235/153
f 630/209/154 629/207/154 661/207/154 662/209/154
f 644/237/155 643/235/155 675/235/155 676/237/155
f 631/211/156 630/209/156 662/209/156 663/211/156
f 617/185/157 618/184/157 650/184/157 649/185/157
f 645/239/158 644/237/158 676/237/158 677/239/158
f 632/213/159 631/211/159 663/211/159 664/213/159
f 619/187/160 617/185/160 649/185/160 651/187/160
f 646/241/161 645/239/161 677/239/161 678/241/161
f 633/215/162 632/213/162 664/213/162 665/215/162
f 620/189/163 619/187/163 651/187/163 652/189/163
f 647/243/164 646/241/164 678/241/164 679/243/164
f 634/217/165 633/215/165 665/215/165 666/217/165
f 621/191/166 620/189/166 652/189/166 653/191/166
f 648/245/167 647/243/167 679/243/167 680/245/167
f 635/219/168 634/217/168 666/217/168 667/219/168
f 622/193/169 621/191/169 653/191/169 654/193/169
f 618/247/170 648/245/170 680/245/170 650/247/170
f 636/221/171 635/219/171 667/219/171 668/221/171
f 623/195/172 622/193/172 654/193/172 655/195/172
f 637/223/173 636/221/173 668/221/173 669/223/173
f 624/197/174 623/195/174 655/195/174 656/197/174
f 638/225/247 637/223/247 669/223/247 670/225/247
f 625/199/176 624/197/176 656/197/176 657/199/176
f 639/227/177 638/225/177 670/225/177 671/227/177
f 626/201/178 625/199/178 657/199/178 658/201/178
f 640/229/179 639/227/179 671/227/179 672/229/179
f 627/203/180 626/201/180 658/201/180 659/203/180
f 641/231/181 640/229/181 672/229/181 673/231/181
f 628/205/182 627/203/182 659/203/182 660/205/182
f 694/210/183 695/212/183 727/212/183 726/210/183
f 573/204/184 575/206/184 692/206/184 691/204/184
f 591/222/185 593/224/185 701/224/185 700/222/185
f 609/240/186 611/242/186 710/242/186 709/240/186
f 565/196/187 567/198/187 688/198/187 687/196/187
f 583/214/188 585/216/188 697/216/188 696/214/188
f 601/232/189 603/234/189 706/234/189 705/232/189
f 557/188/190 559/190/190 684/190/190 683/188/190
f 575/206/191 577/208/191 693/208/191 692/206/191
f 593/224/192 595/226/192 702/226/192 701/224/192
f 611/242/193 613/244/193 711/244/193 710/242/193
f 567/198/194 569/200/194 689/200/194 688/198/194
f 585/216/195 587/218/195 698/218/195 697/216/195
f 603/234/196 605/236/196 707/236/196 706/234/196
f 559/190/197 561/192/197 685/192/197 684/190/197
f 577/208/198 579/210/198 694/210/198 693/208/198
f 595/226/199 597/228/199 703/228/199 702/226/199
f 613/244/200 615/246/200 712/246/200 711/244/200
f 569/200/201 571/202/201 690/202/201 689/200/201
f 587/218/202 589/220/202 699/220/202 698/218/202
f 605/236/203 607/238/203 708/238/203 707/236/203
f 561/192/204 563/194/204 686/194/204 685/192/204
f 579/210/205 581/212/205 695/212/205 694/210/205
f 597/228/206 599/230/206 704/230/206 703/228/206
f 553/183/207 555/186/207 682/186/207 681/183/207
f 615/246/208 553/248/208 681/248/208 712/246/208
f 571/202/209 573/204/209 691/204/209 690/202/209
f 589/220/210 591/222/210 700/222/210 699/220/210
f 607/238/211 609/240/211 709/240/211 708/238/211
f 563/194/212 565/196/212 687/196/212 686/194/212
f 581/212/213 583/214/213 696/214/213 695/212/213
f 599/230/214 601/232/214 705/232/214 704/230/214
f 713/281/215 714/282/215 715/283/215 716/284/215 717/285/215 718/286/215 719/287/215 720/288/215 721/289/215 722/290/215 723/291/215 724/292/215 725/293/215 726/294/215 727/295/215 728/296/215 729/297/215 730/298/215 731/299/215 732/300/215 733/301/215 734/302/215 735/303/215 736/304/215 737/305/215 738/306/215 739/307/215 740/308/215 741/309/215 742/310/215 743/311/215 744/312/215
f 681/183/216 682/186/216 714/186/216 713/183/216
f 708/238/217 709/240/217 741/240/217 740/238/217
f 695/212/218 696/214/218 728/214/218 727/212/218
f 682/186/219 683/188/219 715/188/219 714/186/219
f 709/240/220 710/242/220 742/242/220 741/240/220
f 696/214/221 697/216/221 729/216/221 728/214/221
f 683/188/222 684/190/222 716/190/222 715/188/222
f 710/242/223 711/244/223 743/244/223 742/242/223
f 697/216/224 698/218/224 730/218/224 729/216/224
f 684/190/225 685/192/225 717/192/225 716/190/225
f 711/244/226 712/246/226 744/246/226 743/244/226
f 698/218/227 699/220/227 731/220/227 730/218/227
f 685/192/228 686/194/228 718/194/228 717/192/228
f 712/246/229 681/248/229 713/248/229 744/246/229
f 699/220/230 700/222/230 732/222/230 731/220/230
f 686/194/231 687/196/231 719/196/231 718/194/231
f 700/222/232 701/224/232 733/224/232 732/222/232
f 687/196/233 688/198/233 720/198/233 719/196/233
f 701/224/234 702/226/234 734/226/234 733/224/234
f 688/198/235 689/200/235 721/200/235 720/198/235
f 702/226/236 703/228/236 735/228/236 734/226/236
f 689/200/237 690/202/237 722/202/237 721/200/237
f 703/228/238 704/230/238 736/230/238 735/228/238
f 690/202/239 691/204/239 723/204/239 722/202/239
f 704/230/240 705/232/240 737/232/240 736/230/240
f 691/204/241 692/206/241 724/206/241 723/204/241
f 705/232/242 706/234/242 738/234/242 737/232/242
f 692/206/243 693/208/243 725/208/243 724/206/243
f 706/234/244 707/236/244 739/236/244 738/234/244
f 693/208/245 694/210/245 726/210/245 725/208/245
f 707/236/246 708/238/246 740/238/246 739/236/246
f 745/183/85 746/184/85 748/185/85 747/186/85
f 747/186/86 748/185/86 750/187/86 749/188/86
f 749/188/87 750/187/87 752/189/87 751/190/87
f 751/190/88 752/189/88 754/191/88 753/192/88
f 753/192/89 754/191/89 756/193/89 755/194/89
f 755/194/90 756/193/90 758/195/90 757/196/90
f 757/196/91 758/195/91 760/197/91 759/198/91
f 759/198/92 760/197/92 762/199/92 761/200/92
f 761/200/93 762/199/93 764/201/93 763/202/93
f 763/202/94 764/201/94 766/203/94 765/204/94
f 765/204/95 766/203/95 768/205/95 767/206/95
f 767/206/96 768/205/96 770/207/96 769/208/96
f 769/208/97 770/207/97 772/209/97 771/210/97
f 771/210/98 772/209/98 774/211/98 773/212/98
f 773/212/99 774/211/99 776/213/99 775/214/99
f 775/214/100 776/213/100 778/215/100 777/216/100
f 777/216/101 778/215/101 780/217/101 779/218/101
f 779/218/102 780/217/102 782/219/102 781/220/102
f 781/220/103 782/219/103 784/221/103 783/222/103
f 783/222/104 784/221/104 786/223/104 785/224/104
f 785/224/105 786/223/105 788/225/105 787/226/105
f 787/226/106 788/225/106 790/227/106 789/228/106
f 789/228/107 790/227/107 792/229/107 791/230/107
f 791/230/108 792/229/108 794/231/108 793/232/108
f 793/232/109 794/231/109 796/233/109 795/234/109
f 795/234/110 796/233/110 798/235/110 797/236/110
f 797/236/111 798/235/111 800/237/111 799/238/111
f 799/238/112 800/237/112 802/239/112 801/240/112
f 801/240/113 802/239/113 804/241/113 803/242/113
f 803/242/114 804/241/114 806/243/114 805/244/114
f 782/219/115 780/217/115 826/217/115 827/219/115
f 805/244/116 806/243/116 808/245/116 807/246/116
f 807/246/117 808/245/117 746/247/117 745/248/117
f 747/186/118 749/188/118 875/188/118 874/186/118
f 834/233/119 833/231/119 865/231/119 866/233/119
f 800/237/120 798/235/120 835/235/120 836/237/120
f 756/193/121 754/191/121 813/191/121 814/193/121
f 774/211/122 772/209/122 822/209/122 823/211/122
f 792/229/123 790/227/123 831/227/123 832/229/123
f 748/185/124 746/184/124 810/184/124 809/185/124
f 746/247/125 808/245/125 840/245/125 810/247/125
f 766/203/126 764/201/126 818/201/126 819/203/126
f 784/221/127 782/219/127 827/219/127 828/221/127
f 802/239/128 800/237/128 836/237/128 837/239/128
f 758/195/129 756/193/129 814/193/129 815/195/129
f 776/213/130 774/211/130 823/211/130 824/213/130
f 794/231/131 792/229/131 832/229/131 833/231/131
f 750/187/132 748/185/132 809/185/132 811/187/132
f 768/205/133 766/203/133 819/203/133 820/205/133
f 786/223/134 784/221/134 828/221/134 829/223/134
f 804/241/135 802/239/135 837/239/135 838/241/135
f 760/197/136 758/195/136 815/195/136 816/197/136
f 778/215/137 776/213/137 824/213/137 825/215/137
f 796/233/138 794/231/138 833/231/138 834/233/138
f 752/189/139 750/187/139 811/187/139 812/189/139
f 770/207/248 768/205/248 820/205/248 821/207/248
f 788/225/141 786/223/141 829/223/141 830/225/141
f 806/243/142 804/241/142 838/241/142 839/243/142
f 762/199/143 760/197/143 816/197/143 817/199/143
f 780/217/144 778/215/144 825/215/144 826/217/144
f 798/235/145 796/233/145 834/233/145 835/235/145
f 754/191/146 752/189/146 812/189/146 813/191/146
f 772/209/147 770/207/147 821/207/147 822/209/147
f 790/227/148 788/225/148 830/225/148 831/227/148
f 808/245/149 806/243/149 839/243/149 840/245/149
f 764/201/150 762/199/150 817/199/150 818/201/150
f 841/249/151 842/250/151 872/251/151 871/252/151 870/253/151 869/254/151 868/255/151 867/256/151 866/257/151 865/258/151 864/259/151 863/260/151 862/261/151 861/262/151 860/263/151 859/264/151 858/265/151 857/266/151 856/267/151 855/268/151 854/269/151 853/270/151 852/271/151 851/272/151 850/273/151 849/274/151 848/275/151 847/276/151 846/277/151 845/278/151 844/279/151 843/280/151
f 821/207/249 820/205/249 852/205/249 853/207/249
f 835/235/153 834/233/153 866/233/153 867/235/153
f 822/209/154 821/207/154 853/207/154 854/209/154
f 836/237/155 835/235/155 867/235/155 868/237/155
f 823/211/156 822/209/156 854/209/156 855/211/156
f 809/185/157 810/184/157 842/184/157 841/185/157
f 837/239/250 836/237/250 868/237/250 869/239/250
f 824/213/159 823/211/159 855/211/159 856/213/159
f 811/187/160 809/185/160 841/185/160 843/187/160
f 838/241/161 837/239/161 869/239/161 870/241/161
f 825/215/162 824/213/162 856/213/162 857/215/162
f 812/189/163 811/187/163 843/187/163 844/189/163
f 839/243/164 838/241/164 870/241/164 871/243/164
f 826/217/165 825/215/165 857/215/165 858/217/165
f 813/191/166 812/189/166 844/189/166 845/191/166
f 840/245/167 839/243/167 871/243/167 872/245/167
f 827/219/168 826/217/168 858/217/168 859/219/168
f 814/193/169 813/191/169 845/191/169 846/193/169
f 810/247/170 840/245/170 872/245/170 842/247/170
f 828/221/171 827/219/171 859/219/171 860/221/171
f 815/195/172 814/193/172 846/193/172 847/195/172
f 829/223/173 828/221/173 860/221/173 861/223/173
f 816/197/174 815/195/174 847/195/174 848/197/174
f 830/225/247 829/223/247 861/223/247 862/225/247
f 817/199/176 816/197/176 848/197/176 849/199/176
f 831/227/177 830/225/177 862/225/177 863/227/177
f 818/201/178 817/199/178 849/199/178 850/201/178
f 832/229/179 831/227/179 863/227/179 864/229/179
f 819/203/180 818/201/180 850/201/180 851/203/180
f 833/231/181 832/229/181 864/229/181 865/231/181
f 820/205/182 819/203/182 851/203/182 852/205/182
f 886/210/183 887/212/183 919/212/183 918/210/183
f 765/204/184 767/206/184 884/206/184 883/204/184
f 783/222/185 785/224/185 893/224/185 892/222/185
f 801/240/186 803/242/186 902/242/186 901/240/186
f 757/196/187 759/198/187 880/198/187 879/196/187
f 775/214/188 777/216/188 889/216/188 888/214/188
f 793/232/189 795/234/189 898/234/189 897/232/189
f 749/188/190 751/190/190 876/190/190 875/188/190
f 767/206/191 769/208/191 885/208/191 884/206/191
f 785/224/192 787/226/192 894/226/192 893/224/192
f 803/242/193 805/244/193 903/244/193 902/242/193
f 759/198/194 761/200/194 881/200/194 880/198/194
f 777/216/195 779/218/195 890/218/195 889/216/195
f 795/234/196 797/236/196 899/236/196 898/234/196
f 751/190/197 753/192/197 877/192/197 876/190/197
f 769/208/198 771/210/198 886/210/198 885/208/198
f 787/226/199 789/228/199 895/228/199 894/226/199
f 805/244/200 807/246/200 904/246/200 903/244/200
f 761/200/201 763/202/201 882/202/201 881/200/201
f 779/218/202 781/220/202 891/220/202 890/218/202
f 797/236/203 799/238/203 900/238/203 899/236/203
f 753/192/204 755/194/204 878/194/204 877/192/204
f 771/210/205 773/212/205 887/212/205 886/210/205
f 789/228/206 791/230/206 896/230/206 895/228/206
f 745/183/207 747/186/207 874/186/207 873/183/207
f 807/246/208 745/248/208 873/248/208 904/246/208
f 763/202/209 765/204/209 883/204/209 882/202/209
f 781/220/210 783/222/210 892/222/210 891/220/210
f 799/238/211 801/240/211 901/240/211 900/238/211
f 755/194/212 757/196/212 879/196/212 878/194/212
f 773/212/213 775/214/213 888/214/213 887/212/213
f 791/230/214 793/232/214 897/232/214 896/230/214
f 905/281/215 906/282/215 907/283/215 908/284/215 909/285/215 910/286/215 911/287/215 912/288/215 913/289/215 914/290/215 915/291/215 916/292/215 917/293/215 918/294/215 919/295/215 920/296/215 921/297/215 922/298/215 923/299/215 924/300/215 925/301/215 926/302/215 927/303/215 928/304/215 929/305/215 930/306/215 931/307/215 932/308/215 933/309/215 934/310/215 935/311/215 936/312/215
f 873/183/216 874/186/216 906/186/216 905/183/216
f 900/238/217 901/240/217 933/240/217 932/238/217
f 887/212/218 888/214/218 920/214/218 919/212/218
f 874/186/219 875/188/219 907/188/219 906/186/219
f 901/240/220 902/242/220 934/242/220 933/240/220
f 888/214/221 889/216/221 921/216/221 920/214/221
f 875/188/251 876/190/251 908/190/251 907/188/251
f 902/242/223 903/244/223 935/244/223 934/242/223
f 889/216/224 890/218/224 922/218/224 921/216/224
f 876/190/225 877/192/225 909/192/225 908/190/225
f 903/244/226 904/246/226 936/246/226 935/244/226
f 890/218/227 891/220/227 923/220/227 922/218/227
f 877/192/228 878/194/228 910/194/228 909/192/228
f 904/246/229 873/248/229 905/248/229 936/246/229
f 891/220/230 892/222/230 924/222/230 923/220/230
f 878/194/231 879/196/231 911/196/231 910/194/231
f 892/222/232 893/224/232 925/224/232 924/222/232
f 879/196/233 880/198/233 912/198/233 911/196/233
f 893/224/234 894/226/234 926/226/234 925/224/234
f 880/198/235 881/200/235 913/200/235 912/198/235
f 894/226/236 895/228/236 927/228/236 926/226/236
f 881/200/237 882/202/237 914/202/237 913/200/237
f 895/228/238 896/230/238 928/230/238 927/228/238
f 882/202/239 883/204/239 915/204/239 914/202/239
f 896/230/240 897/232/240 929/232/240 928/230/240
f 883/204/241 884/206/241 916/206/241 915/204/241
f 897/232/242 898/234/242 930/234/242 929/232/242
f 884/206/243 885/208/243 917/208/243 916/206/243
f 898/234/244 899/236/244 931/236/244 930/234/244
f 885/208/245 886/210/245 918/210/245 917/208/245
f 899/236/246 900/238/246 932/238/246 931/236/246
f 937/183/85 938/184/85 940/185/85 939/186/85
f 939/186/86 940/185/86 942/187/86 941/188/86
f 941/188/87 942/187/87 944/189/87 943/190/87
f 943/190/88 944/189/88 946/191/88 945/192/88
f 945/192/89 946/191/89 948/193/89 947/194/89
f 947/194/90 948/193/90 950/195/90 949/196/90
f 949/196/91 950/195/91 952/197/91 951/198/91
f 951/198/92 952/197/92 954/199/92 953/200/92
f 953/200/93 954/199/93 956/201/93 955/202/93
f 955/202/94 956/201/94 958/203/94 957/204/94
f 957/204/95 958/203/95 960/205/95 959/206/95
f 959/206/96 960/205/96 962/207/96 961/208/96
f 961/208/97 962/207/97 964/209/97 963/210/97
f 963/210/98 964/209/98 966/211/98 965/212/98
f 965/212/99 966/211/99 968/213/99 967/214/99
f 967/214/100 968/213/100 970/215/100 969/216/100
f 969/216/101 970/215/101 972/217/101 971/218/101
f 971/218/102 972/217/102 974/219/102 973/220/102
f 973/220/103 974/219/103 976/221/103 975/222/103
f 975/222/104 976/221/104 978/223/104 977/224/104
f 977/224/105 978/223/105 980/225/105 979/226/105
f 979/226/106 980/225/106 982/227/106 981/228/106
f 981/228/107 982/227/107 984/229/107 983/230/107
f 983/230/108 984/229/108 986/231/108 985/232/108
f 985/232/109 986/231/109 988/233/109 987/234/109
f 987/234/110 988/233/110 990/235/110 989/236/110
f 989/236/111 990/235/111 992/237/111 991/238/111
f 991/238/112 992/237/112 994/239/112 993/240/112
f 993/240/113 994/239/113 996/241/113 995/242/113
f 995/242/114 996/241/114 998/243/114 997/244/114
f 974/219/115 972/217/115 1018/217/115 1019/219/115
f 997/244/116 998/243/116 1000/245/116 999/246/116
f 999/246/117 1000/245/117 938/247/117 937/248/117
f 939/186/118 941/188/118 1067/188/118 1066/186/118
f 1026/233/119 1025/231/119 1057/231/119 1058/233/119
f 992/237/120 990/235/120 1027/235/120 1028/237/120
f 948/193/121 946/191/121 1005/191/121 1006/193/121
f 966/211/122 964/209/122 1014/209/122 1015/211/122
f 984/229/123 982/227/123 1023/227/123 1024/229/123
f 940/185/124 938/184/124 1002/184/124 1001/185/124
f 938/247/125 1000/245/125 1032/245/125 1002/247/125
f 958/203/126 956/201/126 1010/201/126 1011/203/126
f 976/221/127 974/219/127 1019/219/127 1020/221/127
f 994/239/128 992/237/128 1028/237/128 1029/239/128
f 950/195/129 948/193/129 1006/193/129 1007/195/129
f 968/213/130 966/211/130 1015/211/130 1016/213/130
f 986/231/131 984/229/131 1024/229/131 1025/231/131
f 942/187/132 940/185/132 1001/185/132 1003/187/132
f 960/205/133 958/203/133 1011/203/133 1012/205/133
f 978/223/134 976/221/134 1020/221/134 1021/223/134
f 996/241/135 994/239/135 1029/239/135 1030/241/135
f 952/197/136 950/195/136 1007/195/136 1008/197/136
f 970/215/137 968/213/137 1016/213/137 1017/215/137
f 988/233/138 986/231/138 1025/231/138 1026/233/138
f 944/189/139 942/187/139 1003/187/139 1004/189/139
f 962/207/140 960/205/140 1012/205/140 1013/207/140
f 980/225/141 978/223/141 1021/223/141 1022/225/141
f 998/243/142 996/241/142 1030/241/142 1031/243/142
f 954/199/143 952/197/143 1008/197/143 1009/199/143
f 972/217/144 970/215/144 1017/215/144 1018/217/144
f 990/235/145 988/233/145 1026/233/145 1027/235/145
f 946/191/146 944/189/146 1004/189/146 1005/191/146
f 964/209/147 962/207/147 1013/207/147 1014/209/147
f 982/227/148 980/225/148 1022/225/148 1023/227/148
f 1000/245/149 998/243/149 1031/243/149 1032/245/149
f 956/201/150 954/199/150 1009/199/150 1010/201/150
f 1033/249/151 1034/250/151 1064/251/151 1063/252/151 1062/253/151 1061/254/151 1060/255/151 1059/256/151 1058/257/151 1057/258/151 1056/259/151 1055/260/151 1054/261/151 1053/262/151 1052/263/151 1051/264/151 1050/265/151 1049/266/151 1048/267/151 1047/268/151 1046/269/151 1045/270/151 1044/271/151 1043/272/151 1042/273/151 1041/274/151 1040/275/151 1039/276/151 1038/277/151 1037/278/151 1036/279/151 1035/280/151
f 1013/207/152 1012/205/152 1044/205/152 1045/207/152
f 1027/235/153 1026/233/153 1058/233/153 1059/235/153
f 1014/209/154 1013/207/154 1045/207/154 1046/209/154
f 1028/237/155 1027/235/155 1059/235/155 1060/237/155
f 1015/211/156 1014/209/156 1046/209/156 1047/211/156
f 1001/185/157 1002/184/157 1034/184/157 1033/185/157
f 1029/239/158 1028/237/158 1060/237/158 1061/239/158
f 1016/213/159 1015/211/159 1047/211/159 1048/213/159
f 1003/187/160 1001/185/160 1033/185/160 1035/187/160
f 1030/241/161 1029/239/161 1061/239/161 1062/241/161
f 1017/215/162 1016/213/162 1048/213/162 1049/215/162
f 1004/189/163 1003/187/163 1035/187/163 1036/189/163
f 1031/243/164 1030/241/164 1062/241/164 1063/243/164
f 1018/217/165 1017/215/165 1049/215/165 1050/217/165
f 1005/191/166 1004/189/166 1036/189/166 1037/191/166
f 1032/245/167 1031/243/167 1063/243/167 1064/245/167
f 1019/219/168 1018/217/168 1050/217/168 1051/219/168
f 1006/193/169 1005/191/169 1037/191/169 1038/193/169
f 1002/247/170 1032/245/170 1064/245/170 1034/247/170
f 1020/221/171 1019/219/171 1051/219/171 1052/221/171
f 1007/195/172 1006/193/172 1038/193/172 1039/195/172
f 1021/223/173 1020/221/173 1052/221/173 1053/223/173
f 1008/197/174 1007/195/174 1039/195/174 1040/197/174
f 1022/225/247 1021/223/247 1053/223/247 1054/225/247
f 1009/199/176 1008/197/176 1040/197/176 1041/199/176
f 1023/227/177 1022/225/177 1054/225/177 1055/227/177
f 1010/201/178 1009/199/178 1041/199/178 1042/201/178
f 1024/229/179 1023/227/179 1055/227/179 1056/229/179
f 1011/203/180 1010/201/180 1042/201/180 1043/203/180
f 1025/231/181 1024/229/181 1056/229/181 1057/231/181
f 1012/205/182 1011/203/182 1043/203/182 1044/205/182
f 1078/210/183 1079/212/183 1111/212/183 1110/210/183
f 957/204/184 959/206/184 1076/206/184 1075/204/184
f 975/222/185 977/224/185 1085/224/185 1084/222/185
f 993/240/186 995/242/186 1094/242/186 1093/240/186
f 949/196/187 951/198/187 1072/198/187 1071/196/187
f 967/214/188 969/216/188 1081/216/188 1080/214/188
f 985/232/189 987/234/189 1090/234/189 1089/232/189
f 941/188/190 943/190/190 1068/190/190 1067/188/190
f 959/206/191 961/208/191 1077/208/191 1076/206/191
f 977/224/192 979/226/192 1086/226/192 1085/224/192
f 995/242/193 997/244/193 1095/244/193 1094/242/193
f 951/198/194 953/200/194 1073/200/194 1072/198/194
f 969/216/195 971/218/195 1082/218/195 1081/216/195
f 987/234/196 989/236/196 1091/236/196 1090/234/196
f 943/190/197 945/192/197 1069/192/197 1068/190/197
f 961/208/198 963/210/198 1078/210/198 1077/208/198
f 979/226/199 981/228/199 1087/228/199 1086/226/199
f 997/244/200 999/246/200 1096/246/200 1095/244/200
f 953/200/201 955/202/201 1074/202/201 1073/200/201
f 971/218/202 973/220/202 1083/220/202 1082/218/202
f 989/236/203 991/238/203 1092/238/203 1091/236/203
f 945/192/204 947/194/204 1070/194/204 1069/192/204
f 963/210/205 965/212/205 1079/212/205 1078/210/205
f 981/228/206 983/230/206 1088/230/206 1087/228/206
f 937/183/207 939/186/207 1066/186/207 1065/183/207
f 999/246/208 937/248/208 1065/248/208 1096/246/208
f 955/202/209 957/204/209 1075/204/209 1074/202/209
f 973/220/210 975/222/210 1084/222/210 1083/220/210
f 991/238/211 993/240/211 1093/240/211 1092/238/211
f 947/194/212 949/196/212 1071/196/212 1070/194/212
f 965/212/213 967/214/213 1080/214/213 1079/212/213
f 983/230/214 985/232/214 1089/232/214 1088/230/214
f 1097/281/215 1098/282/215 1099/283/215 1100/284/215 1101/285/215 1102/286/215 1103/287/215 1104/288/215 1105/289/215 1106/290/215 1107/291/215 1108/292/215 1109/293/215 1110/294/215 1111/295/215 1112/296/215 1113/297/215 1114/298/215 1115/299/215 1116/300/215 1117/301/215 1118/302/215 1119/303/215 1120/304/215 1121/305/215 1122/306/215 1123/307/215 1124/308/215 1125/309/215 1126/310/215 1127/311/215 1128/312/215
f 1065/183/216 1066/186/216 1098/186/216 1097/183/216
f 1092/238/217 1093/240/217 1125/240/217 1124/238/217
f 1079/212/252 1080/214/252 1112/214/252 1111/212/252
f 1066/186/219 1067/188/219 1099/188/219 1098/186/219
f 1093/240/220 1094/242/220 1126/242/220 1125/240/220
f 1080/214/221 1081/216/221 1113/216/221 1112/214/221
f 1067/188/251 1068/190/251 1100/190/251 1099/188/251
f 1094/242/223 1095/244/223 1127/244/223 1126/242/223
f 1081/216/224 1082/218/224 1114/218/224 1113/216/224
f 1068/190/225 1069/192/225 1101/192/225 1100/190/225
f 1095/244/226 1096/246/226 1128/246/226 1127/244/226
f 1082/218/227 1083/220/227 1115/220/227 1114/218/227
f 1069/192/253 1070/194/253 1102/194/253 1101/192/253
f 1096/246/229 1065/248/229 1097/248/229 1128/246/229
f 1083/220/230 1084/222/230 1116/222/230 1115/220/230
f 1070/194/231 1071/196/231 1103/196/231 1102/194/231
f 1084/222/232 1085/224/232 1117/224/232 1116/222/232
f 1071/196/233 1072/198/233 1104/198/233 1103/196/233
f 1085/224/234 1086/226/234 1118/226/234 1117/224/234
f 1072/198/235 1073/200/235 1105/200/235 1104/198/235
f 1086/226/236 1087/228/236 1119/228/236 1118/226/236
f 1073/200/237 1074/202/237 1106/202/237 1105/200/237
f 1087/228/238 1088/230/238 1120/230/238 1119/228/238
f 1074/202/239 1075/204/239 1107/204/239 1106/202/239
f 1088/230/240 1089/232/240 1121/232/240 1120/230/240
f 1075/204/241 1076/206/241 1108/206/241 1107/204/241
f 1089/232/242 1090/234/242 1122/234/242 1121/232/242
f 1076/206/243 1077/208/243 1109/208/243 1108/206/243
f 1090/234/244 1091/236/244 1123/236/244 1122/234/244
f 1077/208/245 1078/210/245 1110/210/245 1109/208/245
f 1091/236/246 1092/238/246 1124/238/246 1123/236/246
g Cube.006_Cube
v 2.733636 2.378876 0.228798
v 2.733636 2.635849 0.228798
v 2.733636 2.378876 -0.210439
v 2.733636 2.635849 -0.210439
v 2.908706 2.378876 0.228798
v 2.908706 2.635849 0.228798
v 2.908706 2.378876 -0.210439
v 2.908706 2.635849 -0.210439
vn -1.0000 -0.0000 -0.0000
vn -0.0000 -0.0000 -1.0000
vn 1.0000 -0.0000 -0.0000
vn -0.0000 -0.0000 1.0000
vn -0.0000 -1.0000 -0.0000
vn -0.0000 1.0000 -0.0000
vt 0.375000 0.000000
vt 0.625000 0.000000
vt 0.625000 0.250000
vt 0.375000 0.250000
vt 0.625000 0.500000
vt 0.375000 0.500000
vt 0.625000 0.750000
vt 0.375000 0.750000
vt 0.625000 1.000000
vt 0.375000 1.000000
vt 0.125000 0.500000
vt 0.125000 0.750000
vt 0.875000 0.500000
vt 0.875000 0.750000
s 0
g off
g Cube.006_Material.001
usemtl Material.001
f 1129/313/254 1130/314/254 1132/315/254 1131/316/254
g Cube.006_Material.002
usemtl Material.002
f 1131/316/255 1132/315/255 1136/317/255 1135/318/255
f 1135/318/256 1136/317/256 1134/319/256 1133/320/256
f 1133/320/257 1134/319/257 1130/321/257 1129/322/257
f 1131/323/258 1135/318/258 1133/320/258 1129/324/258
f 1136/317/259 1132/325/259 1130/326/259 1134/319/259
g Cube.020_Cube.004
v 2.278662 1.209135 2.098660
v 2.278662 4.726441 2.098660
v 2.278662 1.209135 0.098660
v 2.278662 4.726441 0.098660
v 2.745551 1.209135 2.098660
v 2.745551 4.726441 2.098660
v 2.745551 1.209135 0.098660
v 2.745551 4.726441 0.098660
v 2.278662 1.209135 1.890406
v 2.278662 4.726441 1.890406
v 2.745551 1.209135 1.919335
v 2.745551 4.726441 1.919335
v 2.820793 4.726441 1.919335
v 2.820793 4.726441 2.098660
v 2.820793 1.209135 2.098660
v 2.820793 1.209135 1.919335
v 2.278662 2.088461 2.098660
v 2.278662 2.967788 2.098660
v 2.278662 3.847115 2.098660
v 2.278662 3.847115 0.098660
v 2.278662 2.967788 0.098660
v 2.278662 2.088461 0.098660
v 2.745551 3.847115 0.098660
v 2.745551 2.967788 0.098660
v 2.745551 2.088461 0.098660
v 2.745551 3.847115 2.098660
v 2.745551 2.967788 2.098660
v 2.745551 2.088461 2.098660
v 2.745551 3.847115 1.919335
v 2.745551 2.967788 1.919335
v 2.745551 2.088461 1.919335
v 2.278662 3.847115 1.890406
v 2.278662 2.967788 1.890406
v 2.278662 2.088461 1.890406
v 2.820793 3.847115 2.098660
v 2.820793 2.967788 2.098660
v 2.820793 2.088461 2.098660
v 2.820793 3.847115 1.919335
v 2.820793 2.967788 1.919335
v 2.820793 2.088461 1.919335
v 2.278662 4.726441 0.306479
v 2.745551 1.209135 0.309834
v 2.278662 1.209135 0.306479
v 2.745551 4.726441 0.309834
v 2.745551 2.088461 0.309834
v 2.745551 2.967788 0.309834
v 2.745551 3.847115 0.309834
v 2.278662 2.088461 0.306479
v 2.278662 2.967788 0.306479
v 2.278662 3.847115 0.306479
v 2.278662 4.494048 2.098660
v 2.278662 4.494048 0.098660
v 2.745551 4.494048 0.098660
v 2.745551 4.494048 2.098660
v 2.745551 4.494048 1.919335
v 2.278662 4.494048 1.890406
v 2.820793 4.494048 2.098660
v 2.820793 4.494048 1.919335
v 2.745551 4.494048 0.309834
v 2.278662 4.494048 0.306479
v 2.278662 1.428967 0.098660
v 2.745551 1.428967 0.098660
v 2.745551 1.428967 2.098660
v 2.745551 1.428967 1.919335
v 2.278662 1.428967 1.890406
v 2.820793 1.428967 2.098660
v 2.820793 1.428967 1.919335
v 2.278662 1.428967 2.098660
v 2.278662 1.428967 0.306479
v 2.745551 1.428967 0.309834
v 2.811540 1.428967 0.098660
v 2.811540 1.209135 0.098660
v 2.811540 1.209135 0.309834
v 2.811540 4.726441 0.309834
v 2.811540 4.726441 1.919335
v 2.811540 1.428967 1.919335
v 2.811540 1.209135 1.919335
v 2.811540 4.494048 0.098660
v 2.811540 3.847115 0.098660
v 2.811540 2.967788 0.098660
v 2.811540 2.088461 0.098660
v 2.811540 4.726441 0.098660
v 2.811540 2.088461 0.309834
v 2.811540 2.967788 0.309834
v 2.811540 3.847115 0.309834
v 2.811540 1.428967 0.309834
v 2.811540 4.494048 0.309834
v 2.811540 4.494048 1.919335
v 2.278662 3.729084 2.098660
v 2.278662 3.729084 0.098660
v 2.745551 3.729084 0.098660
v 2.745551 3.729084 2.098660
v 2.745551 3.729084 1.919335
v 2.278662 3.729084 1.890406
v 2.820793 3.729084 2.098660
v 2.820793 3.729084 1.919335
v 2.278662 3.729084 0.306479
v 2.745551 3.729084 0.309834
v 2.811540 3.729084 0.098660
v 2.811540 3.729084 0.309834
v 2.278662 2.859291 2.098660
v 2.278662 2.859291 0.098660
v 2.745551 2.859291 0.098660
v 2.745551 2.859291 2.098660
v 2.745551 2.859291 1.919335
v 2.278662 2.859291 1.890406
v 2.820793 2.859291 2.098660
v 2.820793 2.859291 1.919335
v 2.278662 2.859291 0.306479
v 2.745551 2.859291 0.309834
v 2.811540 2.859291 0.098660
v 2.811540 2.859291 0.309834
v 2.278662 1.968547 2.098660
v 2.278662 1.968547 0.098660
v 2.745551 1.968547 0.098660
v 2.745551 1.968547 2.098660
v 2.745551 1.968547 1.919335
v 2.278662 1.968547 1.890406
v 2.820793 1.968547 2.098660
v 2.820793 1.968547 1.919335
v 2.278662 1.968547 0.306479
v 2.745551 1.968547 0.309834
v 2.811540 1.968547 0.098660
v 2.811540 1.968547 0.309834
v 2.563653 2.088461 0.309834
v 2.563653 2.088461 1.919335
v 2.563653 2.967788 0.309834
v 2.563653 2.967788 1.919335
v 2.563653 3.847115 0.309834
v 2.563653 3.847115 1.919335
v 2.563653 3.729084 1.919335
v 2.563653 3.729084 0.309834
v 2.563653 2.859291 1.919335
v 2.563653 2.859291 0.309834
v 2.563653 1.968547 1.919335
v 2.563653 1.968547 0.309834
v 2.278662 1.209135 -0.091430
v 2.278662 4.726441 -0.091430
v 2.278662 1.209135 -2.091430
v 2.278662 4.726441 -2.091430
v 2.745551 1.209135 -0.091430
v 2.745551 4.726441 -0.091430
v 2.745551 1.209135 -2.091430
v 2.745551 4.726441 -2.091430
v 2.278662 1.209135 -0.299683
v 2.278662 4.726441 -0.299683
v 2.745551 1.209135 -0.270754
v 2.745551 4.726441 -0.270754
v 2.820793 4.726441 -0.270754
v 2.820793 4.726441 -0.091430
v 2.820793 1.209135 -0.091430
v 2.820793 1.209135 -0.270754
v 2.278662 2.088461 -0.091430
v 2.278662 2.967788 -0.091430
v 2.278662 3.847115 -0.091430
v 2.278662 3.847115 -2.091430
v 2.278662 2.967788 -2.091430
v 2.278662 2.088461 -2.091430
v 2.745551 3.847115 -2.091430
v 2.745551 2.967788 -2.091430
v 2.745551 2.088461 -2.091430
v 2.745551 3.847115 -0.091430
v 2.745551 2.967788 -0.091430
v 2.745551 2.088461 -0.091430
v 2.745551 3.847115 -0.270754
v 2.745551 2.967788 -0.270754
v 2.745551 2.088461 -0.270754
v 2.278662 3.847115 -0.299683
v 2.278662 2.967788 -0.299683
v 2.278662 2.088461 -0.299683
v 2.820793 3.847115 -0.091430
v 2.820793 2.967788 -0.091430
v 2.820793 2.088461 -0.091430
v 2.820793 3.847115 -0.270754
v 2.820793 2.967788 -0.270754
v 2.820793 2.088461 -0.270754
v 2.278662 4.726441 -1.883610
v 2.745551 1.209135 -1.880255
v 2.278662 1.209135 -1.883610
v 2.745551 4.726441 -1.880255
v 2.745551 2.088461 -1.880255
v 2.745551 2.967788 -1.880255
v 2.745551 3.847115 -1.880255
v 2.278662 2.088461 -1.883610
v 2.278662 2.967788 -1.883610
v 2.278662 3.847115 -1.883610
v 2.278662 4.494048 -0.091430
v 2.278662 4.494048 -2.091430
v 2.745551 4.494048 -2.091430
v 2.745551 4.494048 -0.091430
v 2.745551 4.494048 -0.270754
v 2.278662 4.494048 -0.299683
v 2.820793 4.494048 -0.091430
v 2.820793 4.494048 -0.270754
v 2.745551 4.494048 -1.880255
v 2.278662 4.494048 -1.883610
v 2.278662 1.428966 -2.091430
v 2.745551 1.428966 -2.091430
v 2.745551 1.428966 -0.091430
v 2.745551 1.428966 -0.270754
v 2.278662 1.428966 -0.299683
v 2.820793 1.428966 -0.091430
v 2.820793 1.428966 -0.270754
v 2.278662 1.428966 -0.091430
v 2.278662 1.428966 -1.883610
v 2.745551 1.428966 -1.880255
v 2.811540 1.428966 -2.091430
v 2.811540 1.209135 -2.091430
v 2.811540 1.209135 -1.880255
v 2.811540 4.726441 -1.880255
v 2.811540 4.726441 -0.270754
v 2.811540 1.428966 -0.270754
v 2.811540 1.209135 -0.270754
v 2.811540 4.494048 -2.091430
v 2.811540 3.847115 -2.091430
v 2.811540 2.967788 -2.091430
v 2.811540 2.088461 -2.091430
v 2.811540 4.726441 -2.091430
v 2.811540 2.088461 -1.880255
v 2.811540 2.967788 -1.880255
v 2.811540 3.847115 -1.880255
v 2.811540 1.428966 -1.880255
v 2.811540 4.494048 -1.880255
v 2.811540 4.494048 -0.270754
v 2.278662 3.729084 -0.091430
v 2.278662 3.729084 -2.091430
v 2.745551 3.729084 -2.091430
v 2.745551 3.729084 -0.091430
v 2.745551 3.729084 -0.270754
v 2.278662 3.729084 -0.299683
v 2.820793 3.729084 -0.091430
v 2.820793 3.729084 -0.270754
v 2.278662 3.729084 -1.883610
v 2.745551 3.729084 -1.880255
v 2.811540 3.729084 -2.091430
v 2.811540 3.729084 -1.880255
v 2.278662 2.859291 -0.091430
v 2.278662 2.859291 -2.091430
v 2.745551 2.859291 -2.091430
v 2.745551 2.859291 -0.091430
v 2.745551 2.859291 -0.270754
v 2.278662 2.859291 -0.299683
v 2.820793 2.859291 -0.091430
v 2.820793 2.859291 -0.270754
v 2.278662 2.859291 -1.883610
v 2.745551 2.859291 -1.880255
v 2.811540 2.859291 -2.091430
v 2.811540 2.859291 -1.880255
v 2.278662 1.968547 -0.091430
v 2.278662 1.968547 -2.091430
v 2.745551 1.968547 -2.091430
v 2.745551 1.968547 -0.091430
v 2.745551 1.968547 -0.270754
v 2.278662 1.968547 -0.299683
v 2.820793 1.968547 -0.091430
v 2.820793 1.968547 -0.270754
v 2.278662 1.968547 -1.883610
v 2.745551 1.968547 -1.880255
v 2.811540 1.968547 -2.091430
v 2.811540 1.968547 -1.880255
v 2.563653 2.088461 -1.880255
v 2.563653 2.088461 -0.270754
v 2.563653 2.967788 -1.880255
v 2.563653 2.967788 -0.270754
v 2.563653 3.847115 -1.880255
v 2.563653 3.847115 -0.270754
v 2.563653 3.729084 -0.270754
v 2.563653 3.729084 -1.880255
v 2.563653 2.859291 -0.270754
v 2.563653 2.859291 -1.880255
v 2.563653 1.968547 -0.270754
v 2.563653 1.968547 -1.880255
vn -1.0000 -0.0000 -0.0000
vn -0.0000 -0.0000 -1.0000
vn -0.0000 -0.0000 1.0000
vn -0.0000 -1.0000 -0.0000
vn -0.0000 1.0000 -0.0000
vn 1.0000 -0.0000 -0.0000
vt 0.608482 0.226670
vt 0.625000 0.226670
vt 0.625000 0.250000
vt 0.608482 0.250000
vt 0.625000 0.500000
vt 0.608482 0.500000
vt 0.608482 0.701139
vt 0.625000 0.701139
vt 0.608482 0.750000
vt 0.625000 0.750000
vt 0.625000 1.000000
vt 0.608482 1.000000
vt 0.125000 0.701139
vt 0.375000 0.701139
vt 0.375000 0.750000
vt 0.125000 0.750000
vt 0.875000 0.701139
vt 0.875000 0.750000
vt 0.625000 0.523330
vt 0.875000 0.523330
vt 0.125000 0.523330
vt 0.375000 0.523330
vt 0.375000 0.500000
vt 0.608482 0.000000
vt 0.625000 0.000000
vt 0.625000 0.048860
vt 0.608482 0.048860
vt 0.390625 0.750000
vt 0.562500 0.750000
vt 0.554111 0.750000
vt 0.500000 0.750000
vt 0.492288 0.750000
vt 0.437500 0.750000
vt 0.492288 0.750000
vt 0.428276 0.701139
vt 0.437500 0.701139
vt 0.428276 0.750000
vt 0.492288 0.701139
vt 0.500000 0.701139
vt 0.554111 0.701139
vt 0.562500 0.701139
vt 0.428276 0.000000
vt 0.437500 0.000000
vt 0.437500 0.048861
vt 0.428276 0.048860
vt 0.492288 0.000000
vt 0.500000 0.000000
vt 0.500000 0.048860
vt 0.492288 0.048860
vt 0.554111 0.000000
vt 0.562500 0.000000
vt 0.562500 0.048860
vt 0.554111 0.048860
vt 0.492288 0.523330
vt 0.562500 0.523330
vt 0.554111 0.523329
vt 0.428276 0.750000
vt 0.437500 1.000000
vt 0.428276 1.000000
vt 0.500000 1.000000
vt 0.492288 1.000000
vt 0.562500 1.000000
vt 0.554111 1.000000
vt 0.428276 0.250000
vt 0.437500 0.250000
vt 0.437500 0.500000
vt 0.428276 0.500000
vt 0.492288 0.250000
vt 0.500000 0.250000
vt 0.500000 0.500000
vt 0.492288 0.500000
vt 0.554111 0.250000
vt 0.562500 0.250000
vt 0.562500 0.500000
vt 0.554111 0.500000
vt 0.428276 0.226670
vt 0.437500 0.226670
vt 0.492288 0.226670
vt 0.500000 0.226670
vt 0.554111 0.226670
vt 0.562500 0.226670
vt 0.428276 0.523330
vt 0.390625 0.523330
vt 0.428276 0.523329
vt 0.492288 0.500000
vt 0.390625 0.701139
vt 0.390625 0.500000
vt 0.125000 0.500000
vt 0.875000 0.500000
vt 0.608482 0.523330
vt 0.375000 0.048860
vt 0.390625 0.048860
vt 0.390625 0.226670
vt 0.375000 0.226670
vt 0.390625 0.250000
vt 0.375000 0.250000
vt 0.390625 1.000000
vt 0.375000 1.000000
vt 0.375000 0.000000
vt 0.390625 0.000000
vt 0.554111 0.523330
vt 0.500000 0.523330
vt 0.492288 0.523330
vt 0.437500 0.523330
s 0
g off
g Cube.020_Material.001
usemtl Material.001
f 1196/327/260 1177/328/260 1140/329/260 1188/330/260
f 1188/330/261 1140/329/261 1144/331/261 1189/332/261
f 1191/333/261 1148/334/261 1149/334/261 1194/333/261
f 1190/335/262 1142/336/262 1138/337/262 1187/338/262
f 1145/339/263 1147/340/263 1141/341/263 1137/342/263
f 1148/334/264 1146/343/264 1138/344/264 1142/336/264
f 1180/345/264 1177/346/264 1146/343/264 1148/334/264
f 1179/347/263 1178/348/263 1147/340/263 1145/339/263
f 1178/348/263 1143/349/263 1208/349/263 1209/348/263
f 1187/350/260 1138/351/260 1146/352/260 1192/353/260
f 1194/333/265 1149/334/265 1150/336/265 1193/335/265
f 1141/341/263 1147/340/263 1152/340/263 1151/341/263
f 1148/334/264 1142/336/264 1150/336/264 1149/334/264
f 1199/354/262 1141/341/262 1151/341/262 1202/354/262
f 1190/335/262 1162/355/262 1171/355/262 1193/335/262
f 1228/356/262 1163/357/262 1172/357/262 1231/356/262
f 1240/358/262 1164/359/262 1173/359/262 1243/360/262
f 1256/361/265 1176/362/265 1173/359/265 1255/363/265
f 1244/364/265 1175/365/265 1172/357/265 1243/360/265
f 1232/366/265 1174/367/265 1171/355/265 1231/356/265
f 1249/368/260 1153/369/260 1170/370/260 1254/371/260
f 1237/372/260 1154/373/260 1169/374/260 1242/375/260
f 1225/376/260 1155/377/260 1168/378/260 1230/379/260
f 1241/364/264 1246/380/264 1270/380/264 1269/364/264
f 1183/381/263 1165/367/263 1266/367/263 1265/381/263
f 1229/366/264 1234/382/264 1268/382/264 1267/366/264
f 1252/383/262 1164/359/262 1153/384/262 1249/385/262
f 1240/358/262 1163/357/262 1154/386/262 1237/387/262
f 1228/356/262 1162/355/262 1155/388/262 1225/389/262
f 1253/361/261 1167/362/261 1176/362/261 1256/361/261
f 1241/364/261 1166/365/261 1175/365/261 1244/364/261
f 1229/366/261 1165/367/261 1174/367/261 1232/366/261
f 1250/390/261 1158/391/261 1161/392/261 1251/393/261
f 1238/394/261 1157/395/261 1160/396/261 1239/397/261
f 1226/398/261 1156/399/261 1159/400/261 1227/401/261
f 1257/402/260 1184/403/260 1158/391/260 1250/390/260
f 1245/404/260 1185/405/260 1157/395/260 1238/394/260
f 1233/406/260 1186/407/260 1156/399/260 1226/398/260
f 1230/379/260 1168/378/260 1186/407/260 1233/406/260
f 1242/375/260 1169/374/260 1185/405/260 1245/404/260
f 1254/371/260 1170/370/260 1184/403/260 1257/402/260
f 1258/408/262 1206/409/262 1222/409/262 1260/410/262
f 1239/397/261 1160/396/261 1216/396/261 1247/411/261
f 1206/409/264 1200/412/264 1212/412/264 1222/409/264
f 1143/349/261 1198/413/261 1207/413/261 1208/349/261
f 1139/414/263 1143/349/263 1178/348/263 1179/347/263
f 1144/331/264 1140/415/264 1177/346/264 1180/345/264
f 1192/353/260 1146/352/260 1177/328/260 1196/327/260
f 1168/378/260 1192/353/260 1196/327/260 1186/407/260
f 1251/393/261 1161/392/261 1217/392/261 1259/393/261
f 1142/336/262 1190/335/262 1193/335/262 1150/336/262
f 1174/367/265 1194/333/265 1193/335/265 1171/355/265
f 1155/377/260 1187/350/260 1192/353/260 1168/378/260
f 1183/381/265 1195/416/265 1191/333/265 1165/367/265
f 1162/355/262 1190/335/262 1187/338/262 1155/388/262
f 1165/367/261 1191/333/261 1194/333/261 1174/367/261
f 1156/399/261 1188/330/261 1189/332/261 1159/400/261
f 1186/407/260 1196/327/260 1188/330/260 1156/399/260
f 1227/401/261 1159/400/261 1215/400/261 1235/401/261
f 1145/417/260 1201/418/260 1205/419/260 1179/420/260
f 1179/420/260 1205/419/260 1197/421/260 1139/422/260
f 1139/422/261 1197/421/261 1198/413/261 1143/349/261
f 1147/340/261 1200/412/261 1203/412/261 1152/340/261
f 1141/341/262 1199/354/262 1204/423/262 1137/424/262
f 1144/331/264 1180/345/264 1210/345/264 1218/331/264
f 1137/425/260 1204/426/260 1201/418/260 1145/417/260
f 1152/340/265 1203/412/265 1202/354/265 1151/341/265
f 1252/383/262 1199/354/262 1202/354/262 1255/363/262
f 1223/416/265 1210/345/265 1211/334/265 1224/333/265
f 1235/401/265 1215/400/265 1221/381/265 1236/427/265
f 1247/411/265 1216/396/265 1220/428/265 1248/429/265
f 1259/393/265 1217/392/265 1219/430/265 1260/410/265
f 1214/332/265 1218/331/265 1210/345/265 1223/416/265
f 1215/400/265 1214/332/265 1223/416/265 1221/381/265
f 1208/349/265 1207/413/265 1222/409/265 1209/348/265
f 1209/348/265 1222/409/265 1212/412/265 1213/340/265
f 1191/333/263 1195/416/263 1223/416/263 1224/333/263
f 1180/345/264 1148/334/264 1211/334/264 1210/345/264
f 1234/382/262 1182/428/262 1220/428/262 1236/427/262
f 1246/380/262 1181/430/262 1219/430/262 1248/429/262
f 1189/332/261 1144/331/261 1218/331/261 1214/332/261
f 1147/340/263 1178/348/263 1209/348/263 1213/340/263
f 1200/412/262 1147/340/262 1213/340/262 1212/412/262
f 1195/416/262 1183/381/262 1221/381/262 1223/416/262
f 1148/334/262 1191/333/262 1224/333/262 1211/334/262
f 1159/400/261 1189/332/261 1214/332/261 1215/400/261
f 1183/381/262 1234/382/262 1236/427/262 1221/381/262
f 1216/396/265 1235/401/265 1236/427/265 1220/428/265
f 1160/396/261 1227/401/261 1235/401/261 1216/396/261
f 1169/374/260 1230/379/260 1233/406/260 1185/405/260
f 1185/405/260 1233/406/260 1226/398/260 1157/395/260
f 1157/395/261 1226/398/261 1227/401/261 1160/396/261
f 1166/365/261 1229/366/261 1232/366/261 1175/365/261
f 1163/357/262 1228/356/262 1225/389/262 1154/386/262
f 1182/428/265 1234/382/265 1229/366/265 1166/365/265
f 1154/373/260 1225/376/260 1230/379/260 1169/374/260
f 1175/365/265 1232/366/265 1231/356/265 1172/357/265
f 1162/355/262 1228/356/262 1231/356/262 1171/355/262
f 1182/428/262 1246/380/262 1248/429/262 1220/428/262
f 1217/392/265 1247/411/265 1248/429/265 1219/430/265
f 1161/392/261 1239/397/261 1247/411/261 1217/392/261
f 1170/370/260 1242/375/260 1245/404/260 1184/403/260
f 1184/403/260 1245/404/260 1238/394/260 1158/391/260
f 1158/391/261 1238/394/261 1239/397/261 1161/392/261
f 1167/362/261 1241/364/261 1244/364/261 1176/362/261
f 1164/359/262 1240/358/262 1237/387/262 1153/384/262
f 1181/430/265 1246/380/265 1241/364/265 1167/362/265
f 1153/369/260 1237/372/260 1242/375/260 1170/370/260
f 1176/362/265 1244/364/265 1243/360/265 1173/359/265
f 1163/357/262 1240/358/262 1243/360/262 1172/357/262
f 1207/413/265 1259/393/265 1260/410/265 1222/409/265
f 1164/359/262 1252/383/262 1255/363/262 1173/359/262
f 1198/413/261 1251/393/261 1259/393/261 1207/413/261
f 1181/430/262 1258/408/262 1260/410/262 1219/430/262
f 1201/418/260 1254/371/260 1257/402/260 1205/419/260
f 1205/419/260 1257/402/260 1250/390/260 1197/421/260
f 1197/421/261 1250/390/261 1251/393/261 1198/413/261
f 1200/412/261 1253/361/261 1256/361/261 1203/412/261
f 1199/354/262 1252/383/262 1249/385/262 1204/423/262
f 1206/409/265 1258/408/265 1253/361/265 1200/412/265
f 1204/426/260 1249/368/260 1254/371/260 1201/418/260
f 1203/412/265 1256/361/265 1255/363/265 1202/354/265
f 1272/408/265 1261/430/265 1262/362/265 1271/361/265
f 1270/380/265 1263/428/265 1264/365/265 1269/364/265
f 1268/382/265 1265/381/265 1266/367/265 1267/366/265
f 1165/367/261 1229/366/261 1267/366/261 1266/367/261
f 1166/365/261 1241/364/261 1269/364/261 1264/365/261
f 1253/361/264 1258/408/264 1272/408/264 1271/361/264
f 1167/362/261 1253/361/261 1271/361/261 1262/362/261
f 1181/430/263 1167/362/263 1262/362/263 1261/430/263
f 1234/382/262 1183/381/262 1265/381/262 1268/382/262
f 1182/428/263 1166/365/263 1264/365/263 1263/428/263
f 1246/380/262 1182/428/262 1263/428/262 1270/380/262
f 1258/408/262 1181/430/262 1261/430/262 1272/408/262
f 1332/327/260 1313/328/260 1276/329/260 1324/330/260
f 1324/330/261 1276/329/261 1280/331/261 1325/332/261
f 1327/333/261 1284/334/261 1285/334/261 1330/333/261
f 1326/335/262 1278/336/262 1274/337/262 1323/338/262
f 1281/339/263 1283/340/263 1277/341/263 1273/342/263
f 1284/334/264 1282/343/264 1274/344/264 1278/336/264
f 1316/345/264 1313/346/264 1282/343/264 1284/334/264
f 1315/347/263 1314/348/263 1283/340/263 1281/339/263
f 1314/348/263 1279/349/263 1344/349/263 1345/348/263
f 1323/350/260 1274/351/260 1282/352/260 1328/353/260
f 1330/333/265 1285/334/265 1286/336/265 1329/335/265
f 1277/341/263 1283/340/263 1288/340/263 1287/341/263
f 1284/334/264 1278/336/264 1286/336/264 1285/334/264
f 1335/354/262 1277/341/262 1287/341/262 1338/354/262
f 1326/335/262 1298/355/262 1307/355/262 1329/335/262
f 1364/356/262 1299/357/262 1308/357/262 1367/356/262
f 1376/358/262 1300/359/262 1309/359/262 1379/360/262
f 1392/361/265 1312/362/265 1309/359/265 1391/363/265
f 1380/364/265 1311/365/265 1308/357/265 1379/360/265
f 1368/366/265 1310/367/265 1307/355/265 1367/356/265
f 1385/368/260 1289/369/260 1306/370/260 1390/371/260
f 1373/372/260 1290/373/260 1305/374/260 1378/375/260
f 1361/376/260 1291/377/260 1304/378/260 1366/379/260
f 1377/364/264 1382/380/264 1406/380/264 1405/364/264
f 1319/381/263 1301/367/263 1402/367/263 1401/381/263
f 1365/366/264 1370/382/264 1404/382/264 1403/366/264
f 1388/383/262 1300/359/262 1289/384/262 1385/385/262
f 1376/358/262 1299/357/262 1290/386/262 1373/387/262
f 1364/356/262 1298/355/262 1291/388/262 1361/389/262
f 1389/361/261 1303/362/261 1312/362/261 1392/361/261
f 1377/364/261 1302/365/261 1311/365/261 1380/364/261
f 1365/366/261 1301/367/261 1310/367/261 1368/366/261
f 1386/390/261 1294/391/261 1297/392/261 1387/393/261
f 1374/394/261 1293/395/261 1296/396/261 1375/397/261
f 1362/398/261 1292/399/261 1295/400/261 1363/401/261
f 1393/402/260 1320/403/260 1294/391/260 1386/390/260
f 1381/404/260 1321/405/260 1293/395/260 1374/394/260
f 1369/406/260 1322/407/260 1292/399/260 1362/398/260
f 1366/379/260 1304/378/260 1322/407/260 1369/406/260
f 1378/375/260 1305/374/260 1321/405/260 1381/404/260
f 1390/371/260 1306/370/260 1320/403/260 1393/402/260
f 1394/408/262 1342/409/262 1358/409/262 1396/410/262
f 1375/397/261 1296/396/261 1352/396/261 1383/411/261
f 1342/409/264 1336/412/264 1348/412/264 1358/409/264
f 1279/349/261 1334/413/261 1343/413/261 1344/349/261
f 1275/414/263 1279/349/263 1314/348/263 1315/347/263
f 1280/331/264 1276/415/264 1313/346/264 1316/345/264
f 1328/353/260 1282/352/260 1313/328/260 1332/327/260
f 1304/378/260 1328/353/260 1332/327/260 1322/407/260
f 1387/393/261 1297/392/261 1353/392/261 1395/393/261
f 1278/336/262 1326/335/262 1329/335/262 1286/336/262
f 1310/367/265 1330/333/265 1329/335/265 1307/355/265
f 1291/377/260 1323/350/260 1328/353/260 1304/378/260
f 1319/381/265 1331/416/265 1327/333/265 1301/367/265
f 1298/355/262 1326/335/262 1323/338/262 1291/388/262
f 1301/367/261 1327/333/261 1330/333/261 1310/367/261
f 1292/399/261 1324/330/261 1325/332/261 1295/400/261
f 1322/407/260 1332/327/260 1324/330/260 1292/399/260
f 1363/401/261 1295/400/261 1351/400/261 1371/401/261
f 1281/417/260 1337/418/260 1341/419/260 1315/420/260
f 1315/420/260 1341/419/260 1333/421/260 1275/422/260
f 1275/422/261 1333/421/261 1334/413/261 1279/349/261
f 1283/340/261 1336/412/261 1339/412/261 1288/340/261
f 1277/341/262 1335/354/262 1340/423/262 1273/424/262
f 1280/331/264 1316/345/264 1346/345/264 1354/331/264
f 1273/425/260 1340/426/260 1337/418/260 1281/417/260
f 1288/340/265 1339/412/265 1338/354/265 1287/341/265
f 1388/383/262 1335/354/262 1338/354/262 1391/363/262
f 1359/416/265 1346/345/265 1347/334/265 1360/333/265
f 1371/401/265 1351/400/265 1357/381/265 1372/427/265
f 1383/411/265 1352/396/265 1356/428/265 1384/429/265
f 1395/393/265 1353/392/265 1355/430/265 1396/410/265
f 1350/332/265 1354/331/265 1346/345/265 1359/416/265
f 1351/400/265 1350/332/265 1359/416/265 1357/381/265
f 1344/349/265 1343/413/265 1358/409/265 1345/348/265
f 1345/348/265 1358/409/265 1348/412/265 1349/340/265
f 1327/333/263 1331/416/263 1359/416/263 1360/333/263
f 1316/345/264 1284/334/264 1347/334/264 1346/345/264
f 1370/382/262 1318/428/262 1356/428/262 1372/427/262
f 1382/380/262 1317/430/262 1355/430/262 1384/429/262
f 1325/332/261 1280/331/261 1354/331/261 1350/332/261
f 1283/340/263 1314/348/263 1345/348/263 1349/340/263
f 1336/412/262 1283/340/262 1349/340/262 1348/412/262
f 1331/416/262 1319/381/262 1357/381/262 1359/416/262
f 1284/334/262 1327/333/262 1360/333/262 1347/334/262
f 1295/400/261 1325/332/261 1350/332/261 1351/400/261
f 1319/381/262 1370/382/262 1372/427/262 1357/381/262
f 1352/396/265 1371/401/265 1372/427/265 1356/428/265
f 1296/396/261 1363/401/261 1371/401/261 1352/396/261
f 1305/374/260 1366/379/260 1369/406/260 1321/405/260
f 1321/405/260 1369/406/260 1362/398/260 1293/395/260
f 1293/395/261 1362/398/261 1363/401/261 1296/396/261
f 1302/365/261 1365/366/261 1368/366/261 1311/365/261
f 1299/357/262 1364/356/262 1361/389/262 1290/386/262
f 1318/428/265 1370/382/265 1365/366/265 1302/365/265
f 1290/373/260 1361/376/260 1366/379/260 1305/374/260
f 1311/365/265 1368/366/265 1367/356/265 1308/357/265
f 1298/355/262 1364/356/262 1367/356/262 1307/355/262
f 1318/428/262 1382/380/262 1384/429/262 1356/428/262
f 1353/392/265 1383/411/265 1384/429/265 1355/430/265
f 1297/392/261 1375/397/261 1383/411/261 1353/392/261
f 1306/370/260 1378/375/260 1381/404/260 1320/403/260
f 1320/403/260 1381/404/260 1374/394/260 1294/391/260
f 1294/391/261 1374/394/261 1375/397/261 1297/392/261
f 1303/362/261 1377/364/261 1380/364/261 1312/362/261
f 1300/359/262 1376/358/262 1373/387/262 1289/384/262
f 1317/430/265 1382/380/265 1377/364/265 1303/362/265
f 1289/369/260 1373/372/260 1378/375/260 1306/370/260
f 1312/362/265 1380/364/265 1379/360/265 1309/359/265
f 1299/357/262 1376/358/262 1379/360/262 1308/357/262
f 1343/413/265 1395/393/265 1396/410/265 1358/409/265
f 1300/359/262 1388/383/262 1391/363/262 1309/359/262
f 1334/413/261 1387/393/261 1395/393/261 1343/413/261
f 1317/430/262 1394/408/262 1396/410/262 1355/430/262
f 1337/418/260 1390/371/260 1393/402/260 1341/419/260
f 1341/419/260 1393/402/260 1386/390/260 1333/421/260
f 1333/421/261 1386/390/261 1387/393/261 1334/413/261
f 1336/412/261 1389/361/261 1392/361/261 1339/412/261
f 1335/354/262 1388/383/262 1385/385/262 1340/423/262
f 1342/409/265 1394/408/265 1389/361/265 1336/412/265
f 1340/426/260 1385/368/260 1390/371/260 1337/418/260
f 1339/412/265 1392/361/265 1391/363/265 1338/354/265
f 1408/408/265 1397/430/265 1398/362/265 1407/361/265
f 1406/380/265 1399/428/265 1400/365/265 1405/364/265
f 1404/382/265 1401/381/265 1402/367/265 1403/366/265
f 1301/367/261 1365/366/261 1403/366/261 1402/367/261
f 1302/365/261 1377/364/261 1405/364/261 1400/365/261
f 1389/361/264 1394/408/264 1408/408/264 1407/361/264
f 1303/362/261 1389/361/261 1407/361/261 1398/362/261
f 1317/430/263 1303/362/263 1398/362/263 1397/430/263
f 1370/382/262 1319/381/262 1401/381/262 1404/382/262
f 1318/428/263 1302/365/263 1400/365/263 1399/428/263
f 1382/380/262 1318/428/262 1399/428/262 1406/380/262
f 1394/408/262 1317/430/262 1397/430/262 1408/408/262
